11781ΩNODE_73_length_7735_cov_7.889323_4	UniRef100_Q9HL79~K00626	41.1	428	235	5	2	427	22	434	3.6e-80	303.9
11781ΩNODE_73_length_7735_cov_7.889323_5	UniRef100_A0A1V4YDB0~K07068	34.4	128	75	4	9	133	24	145	5.9e-13	79.0
11781ΩNODE_73_length_7735_cov_7.889323_6	UniRef100_I4C1Z1~K01040	39.5	580	322	10	35	596	22	590	1.0e-104	386.0
11781ΩNODE_73_length_7735_cov_7.889323_7	UniRef100_J4A016~K18244	50.5	198	98	0	5	202	44	241	5.0e-43	179.5
11781ΩNODE_234_length_4435_cov_8.231279_3	UniRef100_A0A0P9GB00~K01807	64.5	228	80	1	7	234	3	229	3.2e-78	296.6
11781ΩNODE_36_length_12557_cov_8.691009_2	UniRef100_A0A1V6DB29~K06139	32.1	399	232	7	15	406	18	384	7.7e-49	199.9
11781ΩNODE_36_length_12557_cov_8.691009_3	UniRef100_B1L765~K00015	70.3	327	97	0	3	329	2	328	8.7e-130	468.4
11781ΩNODE_36_length_12557_cov_8.691009_4	UniRef100_B1L673~K00812	47.5	383	199	2	1	382	8	389	5.1e-102	376.3
11781ΩNODE_36_length_12557_cov_8.691009_11	UniRef100_A0A0N8PWI6~K02975	54.7	106	47	1	1	106	1	105	7.0e-25	118.2
11781ΩNODE_36_length_12557_cov_8.691009_14	UniRef100_A0A0P9GAN4~K09143	71.4	119	34	0	8	126	4	122	2.5e-45	186.4
11781ΩNODE_36_length_12557_cov_8.691009_15	UniRef100_L0HCI8~K13010	45.1	335	181	2	6	338	28	361	8.8e-77	292.4
11781ΩNODE_140_length_5565_cov_8.288929_1	UniRef100_A0A0P9DR93~K03537	53.5	101	47	0	2	102	3	103	8.0e-21	104.8
11781ΩNODE_140_length_5565_cov_8.288929_2	UniRef100_A0A0P9E336~K03539	57.9	242	101	1	3	244	2	242	1.0e-71	275.0
11781ΩNODE_140_length_5565_cov_8.288929_3	UniRef100_A0A0P9DS95~K07581	47.9	142	74	0	10	151	4	145	1.6e-30	137.5
11781ΩNODE_140_length_5565_cov_8.288929_5	UniRef100_A0A0P9FVC2~K02877	79.4	189	39	0	1	189	1	189	7.6e-78	295.0
11781ΩNODE_140_length_5565_cov_8.288929_8	UniRef100_O28997~K01588	58.7	155	64	0	11	165	26	180	4.8e-44	182.6
11781ΩNODE_34_length_12946_cov_9.785432_1	UniRef100_A0A165WLE5~K00074	55.6	234	102	2	1	234	1	232	1.8e-65	254.2
11781ΩNODE_34_length_12946_cov_9.785432_4	UniRef100_A0A0S3QSM2~K01912	54.6	436	192	4	13	447	2	432	1.3e-133	481.5
11781ΩNODE_34_length_12946_cov_9.785432_5	UniRef100_C3AMN1~K01759	33.0	115	59	2	4	100	4	118	4.7e-08	62.4
11781ΩNODE_34_length_12946_cov_9.785432_6	UniRef100_A0A0P9DQC9~K10773	44.7	190	104	1	29	218	32	220	1.1e-38	165.2
11781ΩNODE_34_length_12946_cov_9.785432_7	UniRef100_A0A0P9FVP8~K01247	30.7	306	193	7	5	295	12	313	4.8e-34	150.2
11781ΩNODE_34_length_12946_cov_9.785432_8	UniRef100_A0A0U2X101~K04719	31.1	206	110	6	1	175	1	205	9.8e-19	98.6
11781ΩNODE_34_length_12946_cov_9.785432_9	UniRef100_A0A0P9E464~K17950	57.1	326	137	2	7	330	3	327	5.5e-100	369.4
11781ΩNODE_34_length_12946_cov_9.785432_12	UniRef100_E3GVZ5~K10977	38.9	368	218	2	21	388	8	368	1.0e-74	285.8
11781ΩNODE_34_length_12946_cov_9.785432_13	UniRef100_I4BWS6~K01012	49.4	320	157	3	11	330	5	319	2.0e-86	324.3
11781ΩNODE_34_length_12946_cov_9.785432_14	UniRef100_O66721~K09711	43.3	323	180	3	14	333	10	332	1.0e-69	268.9
11781ΩNODE_107_length_6329_cov_8.438317_6	UniRef100_A0A0P9DUF6~K07220	34.7	213	137	2	5	217	13	223	1.1e-27	128.6
11781ΩNODE_107_length_6329_cov_8.438317_7	UniRef100_A0A0A7LFB9~K02052	41.7	367	203	6	4	368	3	360	3.6e-76	290.4
11781ΩNODE_8_length_21875_cov_10.096838_1	UniRef100_A0A0P9E924~K03014	75.4	61	14	1	1	60	1	61	8.4e-18	94.0
11781ΩNODE_8_length_21875_cov_10.096838_5	UniRef100_A8F611~K20885	44.7	255	128	5	1	253	46	289	2.7e-54	217.2
11781ΩNODE_8_length_21875_cov_10.096838_8	UniRef100_A0A0P9DW83~K07572	75.3	186	42	1	1	186	1	182	1.9e-76	290.4
11781ΩNODE_8_length_21875_cov_10.096838_9	UniRef100_A0A0N8PVM1~K03051	66.4	110	37	0	1	110	1	110	1.9e-36	156.8
11781ΩNODE_8_length_21875_cov_10.096838_10	UniRef100_A0A0P9GCF6~K02889	68.1	94	30	0	2	95	3	96	1.9e-32	143.3
11781ΩNODE_8_length_21875_cov_10.096838_11	UniRef100_A0A0N8PWQ3~K07583	60.2	440	172	1	1	440	1	437	3.6e-155	553.1
11781ΩNODE_8_length_21875_cov_10.096838_12	UniRef100_A0A0P9E0E7~K03106	79.2	409	84	1	2	410	33	440	8.7e-180	634.8
11781ΩNODE_8_length_21875_cov_10.096838_13	UniRef100_G0ECX4~K06869	38.5	234	143	1	13	245	24	257	5.4e-44	183.0
11781ΩNODE_8_length_21875_cov_10.096838_15	UniRef100_A0A0N8PVM2~K00858	56.0	275	121	0	1	275	1	275	8.5e-86	322.0
11781ΩNODE_8_length_21875_cov_10.096838_16	UniRef100_O27711~K09126	56.3	151	65	1	1	151	36	185	1.0e-37	161.4
11781ΩNODE_8_length_21875_cov_10.096838_19	UniRef100_A0A0P9FTZ2~K00823	77.3	444	101	0	1	444	1	444	6.6e-210	734.9
11781ΩNODE_8_length_21875_cov_10.096838_20	UniRef100_A0A0N8PVU3~K03622	56.4	110	39	2	8	117	10	110	9.6e-23	111.3
11781ΩNODE_8_length_21875_cov_10.096838_21	UniRef100_S5ZVN1~K00170	62.4	287	106	2	15	300	8	293	4.4e-99	366.3
11781ΩNODE_8_length_21875_cov_10.096838_22	UniRef100_B1L6F9~K00186	51.4	387	187	1	6	391	8	394	2.0e-109	401.0
11781ΩNODE_8_length_21875_cov_10.096838_23	UniRef100_Q8KFP0~K00266	39.5	496	264	12	14	487	28	509	1.8e-84	318.5
11781ΩNODE_77_length_7678_cov_8.278499_2	UniRef100_A0A0F8W9S0~K03653	59.6	208	83	1	1	208	1	207	1.3e-62	244.6
11781ΩNODE_77_length_7678_cov_8.278499_4	UniRef100_A0A0P9E8U2~K07575	50.9	165	81	0	1	165	5	169	6.9e-43	178.7
11781ΩNODE_77_length_7678_cov_8.278499_5	UniRef100_A0A0P9HY67~K09152	58.8	114	45	1	11	122	2	115	2.3e-27	126.7
11781ΩNODE_77_length_7678_cov_8.278499_6	UniRef100_A0A0P9FT66~K07041	76.2	638	144	2	1	638	1	630	2.5e-287	992.6
11781ΩNODE_77_length_7678_cov_8.278499_7	UniRef100_A0A0P9G9B3~K03433	80.0	200	40	0	9	208	6	205	9.0e-88	328.2
11781ΩNODE_77_length_7678_cov_8.278499_8	UniRef100_A0A088E9I9~K01802	43.2	220	124	1	7	225	6	225	5.2e-44	183.0
11781ΩNODE_197_length_4825_cov_9.784906_1	UniRef100_F6D555~K00067	48.4	289	145	4	1	288	1	286	1.5e-72	278.1
11781ΩNODE_197_length_4825_cov_9.784906_2	UniRef100_D7D8B5~K00973	59.0	354	141	3	1	353	1	351	1.0e-104	385.2
11781ΩNODE_197_length_4825_cov_9.784906_3	UniRef100_D1Z266~K01790	67.1	155	51	0	1	155	5	159	1.1e-58	231.1
11781ΩNODE_197_length_4825_cov_9.784906_4	UniRef100_H1XWB4~K01710	60.8	316	123	1	2	317	3	317	6.5e-109	399.1
11781ΩNODE_5512_length_883_cov_9.950483_2	UniRef100_H8H0Q2~K02004	45.4	152	64	2	21	172	27	159	2.9e-20	103.6
11781ΩNODE_12_length_17555_cov_11.638400_1	UniRef100_A0A0P9DS19~K09721	86.0	86	12	0	1	86	1	86	1.6e-32	143.3
11781ΩNODE_12_length_17555_cov_11.638400_2	UniRef100_A0A0N8PWH3~K07143	61.4	114	44	0	7	120	4	117	1.6e-33	147.1
11781ΩNODE_12_length_17555_cov_11.638400_9	UniRef100_B8D1U6~K01299	43.0	505	280	3	6	509	7	504	2.3e-118	431.0
11781ΩNODE_12_length_17555_cov_11.638400_11	UniRef100_A0A0N8PWI9~K13812	70.0	486	142	2	1	485	1	483	9.1e-197	691.4
11781ΩNODE_12_length_17555_cov_11.638400_12	UniRef100_A0A0P9G7P7~K03242	73.7	410	108	0	7	416	5	414	1.6e-173	614.0
11781ΩNODE_12_length_17555_cov_11.638400_13	UniRef100_A0A0P9E2K2~K07158	61.2	129	49	1	12	140	2	129	8.5e-34	148.3
11781ΩNODE_12_length_17555_cov_11.638400_14	UniRef100_A0A0P9DQS7~K03049	76.9	182	42	0	1	182	1	182	9.8e-76	288.1
11781ΩNODE_12_length_17555_cov_11.638400_15	UniRef100_A0A0P9FXZ7~K03050	62.3	61	23	0	1	61	1	61	1.3e-15	86.7
11781ΩNODE_12_length_17555_cov_11.638400_16	UniRef100_A0A0P9EBH8~K09735	64.1	170	61	0	7	176	8	177	3.5e-53	213.0
11781ΩNODE_12_length_17555_cov_11.638400_17	UniRef100_A0A0P9GB96~K02974	59.8	102	41	0	1	102	1	102	6.3e-26	121.7
11781ΩNODE_12_length_17555_cov_11.638400_18	UniRef100_A0A0P9E6T2~K02977	69.7	66	20	0	14	79	3	68	3.9e-20	102.1
11781ΩNODE_12_length_17555_cov_11.638400_20	UniRef100_A0A0P9EPQ4~K02965	76.1	134	32	0	1	134	1	134	2.2e-52	209.9
11781ΩNODE_12_length_17555_cov_11.638400_21	UniRef100_A0A0N8PW27~K02886	73.2	246	64	2	1	246	1	244	1.3e-98	364.4
11781ΩNODE_12_length_17555_cov_11.638400_22	UniRef100_A0A0P9EHV5~K02892	75.6	86	21	0	1	86	1	86	3.8e-29	132.1
11781ΩNODE_12_length_17555_cov_11.638400_23	UniRef100_A0A0P9GEB7~K02930	66.7	252	83	1	6	257	7	257	3.7e-91	339.7
11781ΩNODE_12_length_17555_cov_11.638400_24	UniRef100_A0A0P9FVE0~K02906	64.3	328	116	1	1	328	9	335	3.7e-133	479.6
11781ΩNODE_66_length_8224_cov_11.395887_2	UniRef100_A0A0P9E4V5~K03738	47.3	624	298	10	11	610	3	619	3.9e-152	543.5
11781ΩNODE_66_length_8224_cov_11.395887_3	UniRef100_A0A0P9GCD3~K00003	65.8	342	117	0	1	342	1	342	4.0e-130	469.5
11781ΩNODE_66_length_8224_cov_11.395887_4	UniRef100_A0A0N8PVP7~K07442	71.4	255	73	0	1	255	7	261	4.1e-103	379.4
11781ΩNODE_66_length_8224_cov_11.395887_6	UniRef100_B8FLM2~K01271	32.0	391	235	9	13	396	20	386	6.4e-47	193.4
11781ΩNODE_76_length_7683_cov_11.909282_4	UniRef100_A0A0P9E778~K03234	79.5	736	150	1	1	735	1	736	0.0e+00	1222.6
11781ΩNODE_76_length_7683_cov_11.909282_5	UniRef100_M1MT85~K06950	59.6	225	88	1	1	225	1	222	4.0e-70	269.6
11781ΩNODE_76_length_7683_cov_11.909282_7	UniRef100_A0A0N8PVW4~K07466	70.5	95	28	0	1	95	1	95	3.0e-30	136.0
11781ΩNODE_76_length_7683_cov_11.909282_12	UniRef100_A0A248SXX7~K09810	53.5	159	74	0	2	160	1	159	1.2e-39	167.9
11781ΩNODE_59_length_8973_cov_9.642521_2	UniRef100_A0A0P9DW24~K06990	67.4	282	92	0	1	282	1	282	2.8e-113	413.3
11781ΩNODE_59_length_8973_cov_9.642521_3	UniRef100_A0A0P9E3V4~K01689	69.4	412	126	0	1	412	1	412	8.5e-167	591.7
11781ΩNODE_59_length_8973_cov_9.642521_4	UniRef100_A0A0P9E5D3~K03058	78.1	73	16	0	1	73	1	73	2.6e-29	132.5
11781ΩNODE_59_length_8973_cov_9.642521_5	UniRef100_A0A0N8PW59~K02996	75.9	133	32	0	4	136	5	137	2.1e-50	203.4
11781ΩNODE_59_length_8973_cov_9.642521_6	UniRef100_A0A0P9DS69~K02871	65.9	135	46	0	10	144	8	142	1.7e-45	187.2
11781ΩNODE_59_length_8973_cov_9.642521_7	UniRef100_A0A0P9EIC3~K02883	64.9	114	40	0	7	120	26	139	9.4e-34	147.9
11781ΩNODE_59_length_8973_cov_9.642521_8	UniRef100_A0A0N8PW47~K03047	63.1	268	98	1	2	268	26	293	6.6e-96	355.5
11781ΩNODE_59_length_8973_cov_9.642521_9	UniRef100_A0A0P9E7X7~K02948	86.2	130	18	0	8	137	2	131	1.7e-55	220.3
11781ΩNODE_59_length_8973_cov_9.642521_10	UniRef100_A0A0P9G8T3~K02986	65.6	183	59	1	1	183	1	179	4.3e-62	242.7
11781ΩNODE_59_length_8973_cov_9.642521_11	UniRef100_A0A0N8PW60~K02952	63.3	150	55	0	1	150	17	166	9.2e-50	201.4
11781ΩNODE_501_length_2933_cov_9.272759_5	UniRef100_Q12UK5~K03609	36.1	255	154	3	8	262	5	250	1.2e-36	158.7
11781ΩNODE_465_length_3041_cov_10.447421_1	UniRef100_Q9UZ96~K03592	31.0	397	253	11	38	432	36	413	2.9e-27	128.3
11781ΩNODE_465_length_3041_cov_10.447421_3	UniRef100_A0A0N8PVQ2~K03013	61.7	175	67	0	2	176	3	177	3.9e-57	226.1
11781ΩNODE_18_length_15802_cov_10.852226_3	UniRef100_A0A0P9G8D9~K03622	92.4	92	7	0	1	92	1	92	5.2e-40	168.3
11781ΩNODE_18_length_15802_cov_10.852226_7	UniRef100_A0A0P9DRP6~K02927	83.0	53	9	0	1	53	1	53	1.1e-18	96.7
11781ΩNODE_18_length_15802_cov_10.852226_8	UniRef100_B1L4N6~K09729	51.2	205	98	1	19	223	5	207	1.1e-56	224.9
11781ΩNODE_18_length_15802_cov_10.852226_12	UniRef100_A0A0P9FYC1~K03124	88.2	304	36	0	19	322	8	311	2.0e-152	543.5
11781ΩNODE_18_length_15802_cov_10.852226_13	UniRef100_A0A0P9G7D8~K07569	53.2	79	37	0	1	79	1	79	3.4e-19	99.0
11781ΩNODE_18_length_15802_cov_10.852226_14	UniRef100_A0A0P9E3T5~K02936	74.8	123	31	0	1	123	1	123	3.3e-45	186.0
11781ΩNODE_18_length_15802_cov_10.852226_15	UniRef100_A0A0P9G8Q7~K02979	81.2	69	13	0	5	73	3	71	3.4e-21	105.5
11781ΩNODE_18_length_15802_cov_10.852226_16	UniRef100_B8D6E5~K02896	51.5	66	31	1	9	74	8	72	2.2e-12	76.3
11781ΩNODE_18_length_15802_cov_10.852226_19	UniRef100_A0A0P9DTS7~K07159	67.3	214	69	1	1	213	1	214	1.3e-81	307.8
11781ΩNODE_18_length_15802_cov_10.852226_22	UniRef100_A0A0P9EE70~K04069	77.6	348	78	0	3	350	1	348	5.5e-167	592.0
11781ΩNODE_18_length_15802_cov_10.852226_23	UniRef100_A0A0P9HXY4~K04070	71.9	310	83	2	58	363	2	311	1.7e-131	474.2
11781ΩNODE_18_length_15802_cov_10.852226_24	UniRef100_A0A0K2JA07~K03742	32.3	257	160	5	4	259	2	245	2.9e-22	110.9
11781ΩNODE_239_length_4396_cov_7.478922_5	UniRef100_A0A0P9FVA4~K02976	70.5	95	28	0	1	95	1	95	8.8e-30	134.4
11781ΩNODE_239_length_4396_cov_7.478922_6	UniRef100_A0A0P9FZI5~K17884	60.0	195	76	1	1	195	1	193	3.8e-56	223.0
11781ΩNODE_16_length_16504_cov_10.591708_3	UniRef100_B0TG65~K03753	34.7	170	99	6	5	174	6	163	4.4e-16	89.7
11781ΩNODE_16_length_16504_cov_10.591708_5	UniRef100_A0A0F8Y179~K12196	36.7	406	221	11	15	393	7	403	9.5e-59	232.6
11781ΩNODE_16_length_16504_cov_10.591708_10	UniRef100_A0A0P9HYC6~K07090	55.6	261	113	1	8	265	41	301	2.1e-65	254.2
11781ΩNODE_16_length_16504_cov_10.591708_12	UniRef100_A0A0P9E069~K03388	80.3	804	158	0	12	815	2	805	0.0e+00	1360.1
11781ΩNODE_16_length_16504_cov_10.591708_13	UniRef100_A0A0P9DPP0~K00205	59.1	308	122	2	1	306	1	306	6.2e-90	335.9
11781ΩNODE_16_length_16504_cov_10.591708_15	UniRef100_A0A0P9I5P2~K07503	64.6	254	90	0	9	262	5	258	4.3e-95	352.8
11781ΩNODE_16_length_16504_cov_10.591708_16	UniRef100_F2KNE7~K00809	58.8	308	121	3	13	315	10	316	5.6e-102	375.9
11781ΩNODE_71_length_7758_cov_8.642607_3	UniRef100_A0A0P9ED12~K01591	65.5	249	83	1	1	249	7	252	3.2e-92	343.2
11781ΩNODE_71_length_7758_cov_8.642607_5	UniRef100_A0A0P9DWE7~K01951	62.8	400	149	0	1	400	1	400	1.9e-147	527.3
11781ΩNODE_71_length_7758_cov_8.642607_8	UniRef100_A0A0P9GCR7~K01512	67.7	93	30	0	1	93	1	93	1.5e-31	140.2
11781ΩNODE_71_length_7758_cov_8.642607_9	UniRef100_A0A0P9I2U8~K07254	70.6	177	51	1	3	179	2	177	2.5e-67	260.0
11781ΩNODE_71_length_7758_cov_8.642607_10	UniRef100_A0A0P9EJQ9~K03665	64.9	365	127	1	2	366	22	385	2.2e-121	440.7
11781ΩNODE_71_length_7758_cov_8.642607_11	UniRef100_A0A0P9DT24~K03627	52.5	179	78	5	1	178	1	173	2.2e-39	167.2
11781ΩNODE_37_length_12429_cov_10.052368_4	UniRef100_A0B573~K17830	31.3	384	242	10	3	381	2	368	5.1e-40	170.6
11781ΩNODE_37_length_12429_cov_10.052368_5	UniRef100_A0A0N8PW24~K06927	69.1	223	69	0	7	229	1	223	4.8e-87	325.9
11781ΩNODE_37_length_12429_cov_10.052368_6	UniRef100_A0A1L3SLU0~K02019	40.2	92	55	0	12	103	2	93	7.7e-14	81.6
11781ΩNODE_37_length_12429_cov_10.052368_7	UniRef100_A0A0F8NV18~K06857	40.3	350	203	4	4	349	3	350	2.0e-68	264.6
11781ΩNODE_37_length_12429_cov_10.052368_9	UniRef100_D3TA83~K03639	54.6	306	136	3	17	319	3	308	2.9e-85	320.5
11781ΩNODE_37_length_12429_cov_10.052368_10	UniRef100_A0A0X3BPS7~K03635	43.9	123	65	1	15	137	1	119	2.4e-23	113.6
11781ΩNODE_37_length_12429_cov_10.052368_11	UniRef100_Q8TZX1~K03637	60.8	153	60	0	2	154	1	153	4.6e-41	172.6
11781ΩNODE_37_length_12429_cov_10.052368_12	UniRef100_A0A076WAY8~K03638	58.3	151	62	1	16	165	18	168	2.0e-39	167.2
11781ΩNODE_37_length_12429_cov_10.052368_13	UniRef100_B5IDM8~K03750	50.9	401	196	1	4	404	1	400	8.6e-116	422.2
11781ΩNODE_146_length_5474_cov_10.516885_2	UniRef100_A1RYU3~K03709	60.5	147	49	1	1	147	1	138	1.1e-42	177.9
11781ΩNODE_146_length_5474_cov_10.516885_4	UniRef100_D7E7R9~K04758	47.1	70	36	1	2	71	3	71	1.6e-09	66.6
11781ΩNODE_146_length_5474_cov_10.516885_5	UniRef100_E1RFC4~K04758	47.1	70	36	1	2	71	3	71	3.4e-10	68.9
11781ΩNODE_146_length_5474_cov_10.516885_6	UniRef100_A0A0F7P7A4~K04759	55.6	169	75	0	5	173	1	169	2.2e-47	193.7
11781ΩNODE_146_length_5474_cov_10.516885_7	UniRef100_A0A0F7PB63~K04759	55.9	408	174	2	4	406	5	411	3.3e-123	446.8
11781ΩNODE_146_length_5474_cov_10.516885_11	UniRef100_Q4YDK5~K14415	38.2	170	89	2	12	165	21	190	8.1e-26	122.1
11781ΩNODE_89_length_7032_cov_6.742296_6	UniRef100_A0A1Y0IS52~K00354	42.8	332	176	6	1	323	1	327	2.8e-56	224.2
11781ΩNODE_89_length_7032_cov_6.742296_9	UniRef100_Q2LSP7~K01091	30.5	220	139	6	4	217	6	217	2.2e-15	87.8
11781ΩNODE_63_length_8629_cov_8.527175_3	UniRef100_A0A0P9E174~K06176	52.7	459	209	3	1	459	1	451	8.0e-134	482.3
11781ΩNODE_63_length_8629_cov_8.527175_4	UniRef100_A0A0P9EDI4~K04794	70.8	120	35	0	1	120	1	120	6.5e-43	178.3
11781ΩNODE_63_length_8629_cov_8.527175_6	UniRef100_A0A0P9E8L1~K03711	48.0	75	38	1	1	75	1	74	3.4e-13	79.0
11781ΩNODE_63_length_8629_cov_8.527175_7	UniRef100_A0A0P9DWQ7~K13525	84.5	718	111	0	6	723	1	718	0.0e+00	1245.7
11781ΩNODE_63_length_8629_cov_8.527175_8	UniRef100_A0A0P9I6D4~K03232	51.2	86	42	0	1	86	1	86	7.9e-17	91.3
11781ΩNODE_63_length_8629_cov_8.527175_9	UniRef100_Q8TYN7~K07580	53.1	64	28	1	1	62	1	64	1.6e-13	79.7
11781ΩNODE_57_length_9043_cov_10.973298_3	UniRef100_A0A1D8GL77~K04758	36.0	86	54	1	1	85	1	86	6.2e-11	71.6
11781ΩNODE_57_length_9043_cov_10.973298_4	UniRef100_D3S2Y8~K04759	42.7	679	352	17	19	676	5	667	8.2e-127	459.5
11781ΩNODE_57_length_9043_cov_10.973298_6	UniRef100_F8AKV1~K09013	47.1	240	117	3	1	231	1	239	3.0e-52	210.3
11781ΩNODE_57_length_9043_cov_10.973298_8	UniRef100_A0A0S1X9D1~K04758	47.5	80	30	2	5	84	5	72	3.4e-09	65.9
11781ΩNODE_57_length_9043_cov_10.973298_9	UniRef100_B8GJD9~K04759	53.1	639	291	5	8	642	25	658	1.3e-177	628.2
11781ΩNODE_61_length_8717_cov_10.525860_5	UniRef100_A0A0P9E0S5~K01151	66.0	285	97	0	1	285	1	285	5.4e-112	409.1
11781ΩNODE_61_length_8717_cov_10.525860_7	UniRef100_A0A0P9DPS4~K01480	60.1	298	116	1	1	298	1	295	4.6e-106	389.4
11781ΩNODE_61_length_8717_cov_10.525860_9	UniRef100_A0A0P9DTZ0~K03500	60.8	441	169	1	2	442	8	444	1.6e-160	570.9
11781ΩNODE_61_length_8717_cov_10.525860_10	UniRef100_V7B1P9~K01868	53.8	400	179	3	10	408	75	469	9.1e-121	438.7
11781ΩNODE_102_length_6621_cov_11.430856_2	UniRef100_A0A1Q2L0Y3~K00354	35.0	331	199	5	1	325	1	321	2.2e-46	191.4
11781ΩNODE_102_length_6621_cov_11.430856_9	UniRef100_W9EE45~K09165	52.2	67	32	0	1	67	1	67	1.5e-12	76.6
11781ΩNODE_139_length_5587_cov_11.474873_1	UniRef100_A0A0P9HY82~K14564	64.5	324	112	1	2	322	71	394	2.0e-118	430.6
11781ΩNODE_139_length_5587_cov_11.474873_2	UniRef100_A0A0P9FT77~K04795	72.6	230	62	1	1	230	1	229	6.7e-97	358.6
11781ΩNODE_139_length_5587_cov_11.474873_4	UniRef100_A0A0P9DSD3~K03470	69.4	219	67	0	1	219	1	219	4.2e-80	302.8
11781ΩNODE_139_length_5587_cov_11.474873_5	UniRef100_A0A0P9DX42~K06928	62.0	179	68	0	3	181	6	184	1.1e-57	228.0
11781ΩNODE_139_length_5587_cov_11.474873_6	UniRef100_A0A0P9G8X2~K00555	62.6	398	148	1	5	402	1	397	2.0e-152	543.9
11781ΩNODE_14_length_16977_cov_9.189044_6	UniRef100_A0A0P9FWW1~K18532	58.0	188	78	1	7	194	1	187	1.4e-55	221.1
11781ΩNODE_14_length_16977_cov_9.189044_8	UniRef100_E6N7Y8~K03709	37.6	133	82	1	4	136	3	134	2.0e-14	84.0
11781ΩNODE_14_length_16977_cov_9.189044_9	UniRef100_D5C4M6~K07238	52.7	243	113	2	1	242	1	242	5.5e-65	252.7
11781ΩNODE_14_length_16977_cov_9.189044_10	UniRef100_I0YR14~K14168	36.9	312	184	4	5	312	4	306	5.4e-49	199.9
11781ΩNODE_14_length_16977_cov_9.189044_11	UniRef100_A0A0P9EH68~K07073	64.8	233	82	0	1	233	1	233	1.5e-80	304.3
11781ΩNODE_14_length_16977_cov_9.189044_12	UniRef100_A0A0N8PVN9~K03120	64.5	186	65	1	37	222	1	185	1.5e-61	241.1
11781ΩNODE_14_length_16977_cov_9.189044_13	UniRef100_A0A0P9G7J8~K06965	58.4	353	146	1	1	352	6	358	1.1e-119	434.9
11781ΩNODE_14_length_16977_cov_9.189044_15	UniRef100_A0A0P9HYQ4~K02316	68.0	341	106	1	1	341	39	376	1.0e-125	454.9
11781ΩNODE_14_length_16977_cov_9.189044_16	UniRef100_A0A0E3WWA5~K00688	69.5	558	170	0	1	558	1	558	9.7e-235	817.8
11781ΩNODE_14_length_16977_cov_9.189044_17	UniRef100_F6CQZ5~K00850	56.1	319	140	0	1	319	1	319	6.0e-96	355.9
11781ΩNODE_14_length_16977_cov_9.189044_19	UniRef100_C3NG19~K00332	30.6	147	92	4	5	142	3	148	1.5e-12	77.8
11781ΩNODE_191_length_4875_cov_8.223859_2	UniRef100_A0A0P9ELY2~K01641	76.7	503	114	2	20	520	1	502	7.4e-229	798.1
11781ΩNODE_191_length_4875_cov_8.223859_3	UniRef100_A0A0P9DVP0~K00626	74.2	399	102	1	8	405	1	399	3.2e-171	606.3
11781ΩNODE_515_length_2903_cov_5.320225_3	UniRef100_A0A0P9DZT9~K03105	61.3	93	36	0	1	93	1	93	7.0e-27	124.8
11781ΩNODE_221_length_4549_cov_9.614597_2	UniRef100_A0A127VYG8~K19064	39.4	386	221	7	1	379	1	380	9.5e-64	249.2
11781ΩNODE_221_length_4549_cov_9.614597_3	UniRef100_A0A0P9EMR0~K03113	75.5	102	25	0	1	102	1	102	4.0e-41	172.2
11781ΩNODE_221_length_4549_cov_9.614597_5	UniRef100_A0A0N8PWK8~K03124	84.7	308	47	0	5	312	3	310	5.6e-147	525.4
11781ΩNODE_154_length_5408_cov_9.625070_2	UniRef100_M4UKF8~K03825	31.6	158	105	2	14	169	5	161	2.6e-13	80.5
11781ΩNODE_154_length_5408_cov_9.625070_3	UniRef100_A0A0P9DZ00~K00852	67.2	296	95	2	5	300	4	297	5.9e-109	399.1
11781ΩNODE_154_length_5408_cov_9.625070_6	UniRef100_A5UMK4~K01945	35.7	470	254	13	6	465	3	434	1.5e-63	248.8
11781ΩNODE_344_length_3521_cov_9.442874_1	UniRef100_A0A0P9DVZ7~K22205	58.4	257	105	1	5	259	12	268	1.0e-85	321.6
11781ΩNODE_344_length_3521_cov_9.442874_4	UniRef100_A0A1D3KZI0~K12234	39.9	213	127	1	10	221	13	225	2.1e-35	154.5
11781ΩNODE_344_length_3521_cov_9.442874_5	UniRef100_A0A0A7GDP4~K03636	41.9	93	48	4	9	100	2	89	1.1e-08	64.3
11781ΩNODE_52_length_9534_cov_7.886275_2	UniRef100_W0JL83~K09155	56.3	119	51	1	26	143	20	138	9.5e-33	144.8
11781ΩNODE_52_length_9534_cov_7.886275_3	UniRef100_D5X7I3~K12339	55.0	300	133	1	1	298	1	300	1.3e-85	321.6
11781ΩNODE_52_length_9534_cov_7.886275_5	UniRef100_Q2RZS1~K00574	39.8	274	151	3	6	279	11	270	3.6e-44	183.7
11781ΩNODE_52_length_9534_cov_7.886275_6	UniRef100_A0A0N8PVN8~K04069	71.1	370	107	0	1	370	3	372	7.5e-159	565.1
11781ΩNODE_52_length_9534_cov_7.886275_14	UniRef100_L0EBY4~K21903	34.0	106	69	1	10	115	1	105	3.3e-08	63.2
11781ΩNODE_52_length_9534_cov_7.886275_15	UniRef100_A0A0E3L2C2~K03325	39.7	194	105	3	33	214	7	200	1.9e-29	134.4
11781ΩNODE_695_length_2496_cov_10.308890_1	UniRef100_A0A0E3X049~K03325	50.0	328	150	3	2	317	22	347	2.2e-77	294.3
11781ΩNODE_695_length_2496_cov_10.308890_3	UniRef100_A0A0D5L5F0~K21029	35.0	140	91	0	3	142	13	152	1.2e-17	94.7
11781ΩNODE_145_length_5477_cov_11.235153_1	UniRef100_A0A0N8PVY9~K06883	75.8	252	61	0	1	252	1	252	3.0e-106	389.8
11781ΩNODE_45_length_10735_cov_9.303745_3	UniRef100_G7WP02~K07064	36.1	133	84	1	1	133	4	135	5.2e-20	102.4
11781ΩNODE_45_length_10735_cov_9.303745_5	UniRef100_B8CX38~K04069	42.6	230	126	3	1	224	1	230	1.9e-51	207.6
11781ΩNODE_45_length_10735_cov_9.303745_6	UniRef100_A4XHK8~K21636	65.2	696	234	3	4	698	5	693	2.6e-277	959.5
11781ΩNODE_45_length_10735_cov_9.303745_7	UniRef100_C5CHN3~K07738	47.3	148	77	1	7	153	1	148	2.2e-35	153.7
11781ΩNODE_45_length_10735_cov_9.303745_11	UniRef100_A0A0P9G7K8~K15520	53.1	292	136	1	3	294	1	291	4.8e-79	299.7
11781ΩNODE_51_length_9757_cov_7.843744_4	UniRef100_A0A0P9DWQ1~K09741	48.2	83	43	0	1	83	1	83	1.7e-13	80.1
11781ΩNODE_51_length_9757_cov_7.843744_5	UniRef100_A0A0P9G932~K14561	48.9	186	92	2	7	192	2	184	7.9e-43	178.7
11781ΩNODE_51_length_9757_cov_7.843744_6	UniRef100_A0A0N8PW76~K02921	73.5	83	22	0	3	85	4	86	1.3e-30	137.1
11781ΩNODE_51_length_9757_cov_7.843744_7	UniRef100_A0A0P9DVT5~K12589	76.0	258	62	0	2	259	4	261	2.0e-113	413.7
11781ΩNODE_51_length_9757_cov_7.843744_8	UniRef100_A0A0P9E7A7~K11600	77.5	240	54	0	5	244	18	257	2.5e-102	376.7
11781ΩNODE_51_length_9757_cov_7.843744_9	UniRef100_A0A0P9EJC6~K03679	70.5	227	67	0	1	227	1	227	5.2e-92	342.4
11781ΩNODE_51_length_9757_cov_7.843744_10	UniRef100_A0A0P9I2Q0~K14574	68.9	228	71	0	3	230	1	228	4.7e-90	335.9
11781ΩNODE_51_length_9757_cov_7.843744_11	UniRef100_A0A0P9FW74~K03432	68.4	237	74	1	1	236	1	237	1.5e-86	324.3
11781ΩNODE_51_length_9757_cov_7.843744_12	UniRef100_K0EZ96~K09946	75.0	56	14	0	7	62	4	59	1.8e-15	86.3
11781ΩNODE_125_length_5818_cov_9.539823_2	UniRef100_A0A0P9E910~K03726	74.5	738	188	0	1	738	6	743	0.0e+00	1132.9
11781ΩNODE_125_length_5818_cov_9.539823_3	UniRef100_E0SQ23~K04487	53.9	399	183	1	3	400	5	403	5.4e-126	456.1
11781ΩNODE_125_length_5818_cov_9.539823_4	UniRef100_E0SQ24~K04488	62.0	163	59	1	2	161	3	165	1.3e-49	201.1
11781ΩNODE_125_length_5818_cov_9.539823_5	UniRef100_E8R9R7~K11717	54.7	408	179	1	1	408	1	402	3.5e-133	479.9
11781ΩNODE_226_length_4508_cov_6.617337_3	UniRef100_I3RCF7~K11717	31.1	399	232	9	5	372	5	391	6.0e-47	193.4
11781ΩNODE_541_length_2820_cov_10.670163_3	UniRef100_A0A0P9DWD4~K09141	71.2	208	60	0	1	208	1	208	5.3e-85	318.9
11781ΩNODE_541_length_2820_cov_10.670163_4	UniRef100_A0A0N8PWR7~K03433	76.4	165	39	0	1	165	39	203	2.9e-65	253.1
11781ΩNODE_82_length_7381_cov_8.585313_5	UniRef100_E9G3V4~K17286	50.7	219	106	1	18	234	23	241	6.3e-51	206.1
11781ΩNODE_82_length_7381_cov_8.585313_6	UniRef100_A0A0P9DWN5~K07403	64.4	432	153	1	6	437	8	438	2.7e-150	537.0
11781ΩNODE_82_length_7381_cov_8.585313_7	UniRef100_E6N8E9~K01893	55.3	320	143	0	17	336	28	347	7.0e-103	379.0
11781ΩNODE_82_length_7381_cov_8.585313_8	UniRef100_A0A0P9I579~K09167	54.3	199	88	2	5	201	7	204	2.9e-48	196.8
11781ΩNODE_162_length_5257_cov_9.014610_2	UniRef100_E8R9M4~K01905	40.7	481	257	9	20	496	4	460	2.4e-86	324.7
11781ΩNODE_162_length_5257_cov_9.014610_3	UniRef100_Q4J963~K07732	36.4	129	77	2	6	129	31	159	5.2e-14	82.4
11781ΩNODE_162_length_5257_cov_9.014610_5	UniRef100_B5YFZ7~K01858	57.0	363	150	3	10	366	3	365	2.1e-116	424.1
11781ΩNODE_162_length_5257_cov_9.014610_6	UniRef100_A0A0P9E6S0~K02437	71.3	136	39	0	1	136	1	136	3.9e-52	209.1
11781ΩNODE_275_length_4038_cov_8.728597_1	UniRef100_F6BAF2~K00177	51.8	168	80	1	6	172	4	171	4.2e-35	152.9
11781ΩNODE_275_length_4038_cov_8.728597_2	UniRef100_A0A142CX35~K00175	56.5	271	115	2	5	273	9	278	4.5e-84	316.2
11781ΩNODE_275_length_4038_cov_8.728597_3	UniRef100_F0LKD3~K00174	52.9	342	154	3	1	337	46	385	5.2e-98	362.8
11781ΩNODE_275_length_4038_cov_8.728597_4	UniRef100_B5ICG5~K03568	53.1	437	191	7	9	445	32	454	1.1e-124	451.8
11781ΩNODE_22_length_15225_cov_9.819842_3	UniRef100_B5ID69~K03389	46.0	302	150	4	3	303	4	293	2.1e-74	284.3
11781ΩNODE_22_length_15225_cov_9.819842_4	UniRef100_B5ID70~K03390	45.1	122	65	1	2	123	13	132	1.1e-26	124.4
11781ΩNODE_22_length_15225_cov_9.819842_5	UniRef100_A0A0P9DTY4~K03388	56.6	709	305	3	1	707	79	786	1.0e-228	798.1
11781ΩNODE_22_length_15225_cov_9.819842_8	UniRef100_A0A0P9DV86~K00175	70.4	277	82	0	6	282	3	279	8.4e-118	428.3
11781ΩNODE_22_length_15225_cov_9.819842_9	UniRef100_A0A0P9E6M0~K00177	63.5	181	65	1	1	180	1	181	1.3e-58	231.1
11781ΩNODE_22_length_15225_cov_9.819842_10	UniRef100_A0A0N8PWN2~K02984	72.7	187	51	0	3	189	4	190	1.5e-76	290.8
11781ΩNODE_22_length_15225_cov_9.819842_12	UniRef100_A0A0P9E006~K07463	63.0	481	177	1	1	480	1	481	4.9e-174	615.9
11781ΩNODE_22_length_15225_cov_9.819842_13	UniRef100_A0A0P9GC05~K02956	71.9	146	41	0	1	146	1	146	1.5e-57	227.3
11781ΩNODE_22_length_15225_cov_9.819842_14	UniRef100_A0A0P9E7I2~K02428	61.7	188	67	3	6	192	4	187	8.0e-59	231.9
11781ΩNODE_22_length_15225_cov_9.819842_17	UniRef100_A0A0P9ECB7~K02427	72.9	199	54	0	1	199	1	199	5.4e-82	308.9
11781ΩNODE_211_length_4638_cov_6.794458_2	UniRef100_Q49UZ7~K07461	50.6	77	38	0	3	79	4	80	1.6e-16	90.1
11781ΩNODE_211_length_4638_cov_6.794458_3	UniRef100_A0A218NML1~K07533	60.4	91	36	0	19	109	1	91	1.4e-23	114.0
11781ΩNODE_211_length_4638_cov_6.794458_4	UniRef100_A0A0P9E9S6~K03622	64.2	95	34	0	1	95	4	98	8.0e-28	127.9
11781ΩNODE_348_length_3507_cov_11.223928_1	UniRef100_A0A0P9FYM2~K03167	72.7	501	135	1	5	503	3	503	7.3e-213	745.0
11781ΩNODE_348_length_3507_cov_11.223928_2	UniRef100_A0A0P9I5C5~K03166	77.3	362	82	0	1	362	1	362	9.3e-162	574.7
11781ΩNODE_11_length_19871_cov_9.562576_4	UniRef100_A0A0P9GCE9~K09147	59.0	195	80	0	1	195	1	195	2.7e-62	243.4
11781ΩNODE_11_length_19871_cov_9.562576_5	UniRef100_A0A0P9E0D9~K02323	58.3	518	209	1	1	518	1	511	1.5e-176	624.4
11781ΩNODE_11_length_19871_cov_9.562576_6	UniRef100_A0A0P9ECM4~K09120	57.7	189	76	1	1	185	1	189	1.2e-56	224.6
11781ΩNODE_11_length_19871_cov_9.562576_7	UniRef100_A0A0P9FYR1~K10725	68.1	411	131	0	6	416	6	416	6.9e-161	572.0
11781ΩNODE_11_length_19871_cov_9.562576_10	UniRef100_A0A0P9DZU9~K06915	76.0	504	121	0	1	504	1	504	8.9e-227	791.2
11781ΩNODE_11_length_19871_cov_9.562576_13	UniRef100_A0A0P9EE23~K10907	65.8	386	132	0	5	390	22	407	1.0e-142	511.5
11781ΩNODE_11_length_19871_cov_9.562576_17	UniRef100_A0A0P9EFL7~K17104	65.7	248	85	0	1	248	1	248	1.8e-92	344.0
11781ΩNODE_20_length_15377_cov_10.000131_2	UniRef100_D5VRN6~K09732	58.1	93	39	0	2	94	4	96	8.5e-25	117.9
11781ΩNODE_20_length_15377_cov_10.000131_8	UniRef100_A5IMG6~K07291	38.5	192	103	6	3	185	4	189	1.1e-23	115.2
11781ΩNODE_20_length_15377_cov_10.000131_9	UniRef100_D0MHX8~K07281	33.9	218	139	4	10	225	32	246	3.5e-21	107.1
11781ΩNODE_20_length_15377_cov_10.000131_10	UniRef100_A0A0N8PVQ2~K03013	55.4	166	73	1	1	165	16	181	1.3e-44	184.5
11781ΩNODE_20_length_15377_cov_10.000131_12	UniRef100_A0A0P9GBQ3~K02995	69.5	131	39	1	1	131	1	130	8.4e-44	181.4
11781ΩNODE_20_length_15377_cov_10.000131_15	UniRef100_A0A0P9DVT0~K03529	57.7	1180	499	0	1	1180	4	1183	0.0e+00	1126.7
11781ΩNODE_20_length_15377_cov_10.000131_17	UniRef100_V9S7E4~K07064	40.5	131	68	4	3	133	2	122	2.6e-16	90.1
11781ΩNODE_28_length_13994_cov_8.819069_3	UniRef100_A0A0P9FXF8~K01869	65.9	962	324	3	1	960	4	963	0.0e+00	1371.3
11781ΩNODE_28_length_13994_cov_8.819069_5	UniRef100_A0A0N8PVR5~K01872	63.5	931	330	3	1	929	1	923	0.0e+00	1208.0
11781ΩNODE_28_length_13994_cov_8.819069_7	UniRef100_A0A0P9DRL2~K06932	63.2	443	161	2	1	443	3	443	1.7e-165	587.4
11781ΩNODE_366_length_3451_cov_9.633098_3	UniRef100_Q8RAJ1~K09133	32.8	400	254	7	10	403	7	397	1.6e-45	188.7
11781ΩNODE_2_length_31236_cov_12.224464_2	UniRef100_A0A0N8PWP6~K02890	75.3	154	36	1	1	154	11	162	4.2e-61	239.2
11781ΩNODE_2_length_31236_cov_12.224464_3	UniRef100_A0A0P9G0A5~K02982	74.3	202	52	0	1	202	1	202	4.9e-84	315.8
11781ΩNODE_2_length_31236_cov_12.224464_4	UniRef100_A0A0P9EEU7~K02904	68.7	67	21	0	1	67	1	67	4.5e-16	88.6
11781ΩNODE_2_length_31236_cov_12.224464_5	UniRef100_A0A0P9I5E7~K03538	62.4	93	35	0	1	93	1	93	3.0e-27	125.9
11781ΩNODE_2_length_31236_cov_12.224464_6	UniRef100_A0A0P9ENC8~K02961	79.2	106	20	1	1	106	1	104	5.4e-41	171.8
11781ΩNODE_2_length_31236_cov_12.224464_7	UniRef100_A0A0P9DXL5~K02874	77.4	146	33	0	1	146	1	146	4.9e-61	238.8
11781ΩNODE_2_length_31236_cov_12.224464_9	UniRef100_A0A0P9E2N3~K02987	62.5	251	94	0	1	251	1	251	2.0e-89	334.0
11781ΩNODE_2_length_31236_cov_12.224464_10	UniRef100_A0A0P9G0B3~K02931	68.5	178	56	0	1	178	1	178	2.5e-67	260.0
11781ΩNODE_2_length_31236_cov_12.224464_11	UniRef100_A0A0N8PW10~K02954	81.5	54	10	0	1	54	1	54	1.3e-19	99.8
11781ΩNODE_2_length_31236_cov_12.224464_12	UniRef100_A0A0P9EHF9~K02994	79.5	127	26	0	1	127	4	130	1.1e-53	214.2
11781ΩNODE_2_length_31236_cov_12.224464_13	UniRef100_A0A0P9I152~K02933	73.1	182	49	0	1	182	1	182	5.0e-71	272.3
11781ΩNODE_2_length_31236_cov_12.224464_15	UniRef100_A0A0P9E746~K02885	67.3	147	48	0	4	150	3	149	4.9e-48	195.7
11781ΩNODE_2_length_31236_cov_12.224464_16	UniRef100_A0A0P9DUY1~K02881	62.2	196	72	2	1	194	1	196	1.3e-59	234.6
11781ΩNODE_2_length_31236_cov_12.224464_17	UniRef100_A0A0P9G7T1~K02988	78.2	202	44	0	19	220	8	209	6.6e-94	348.6
11781ΩNODE_2_length_31236_cov_12.224464_18	UniRef100_A0A0P9E2P4~K02907	60.6	155	61	0	7	161	4	158	1.6e-49	200.7
11781ΩNODE_2_length_31236_cov_12.224464_19	UniRef100_A0A0N8PW11~K13993	32.1	168	92	5	1	147	1	167	2.1e-14	84.0
11781ΩNODE_2_length_31236_cov_12.224464_20	UniRef100_A0A0P9DQW5~K02876	58.9	146	52	4	1	141	3	145	2.3e-37	160.2
11781ΩNODE_2_length_31236_cov_12.224464_21	UniRef100_A0A0P9EHH0~K10956	63.9	498	148	6	1	472	1	492	2.8e-174	616.7
11781ΩNODE_2_length_31236_cov_12.224464_24	UniRef100_A0A0P9E753~K00945	65.6	186	64	0	4	189	10	195	2.2e-64	250.4
11781ΩNODE_2_length_31236_cov_12.224464_26	UniRef100_M1E490~K19003	34.2	380	235	9	47	420	61	431	2.3e-42	178.3
11781ΩNODE_2_length_31236_cov_12.224464_32	UniRef100_B9DWL3~K04655	42.7	335	180	6	3	334	1	326	1.5e-60	238.4
11781ΩNODE_2_length_31236_cov_12.224464_36	UniRef100_A0A0P9E3X0~K07027	62.0	347	123	2	4	341	11	357	9.6e-108	395.2
11781ΩNODE_2_length_31236_cov_12.224464_37	UniRef100_E8R8B5~K19181	31.6	297	195	4	1	296	4	293	7.3e-39	166.4
11781ΩNODE_2_length_31236_cov_12.224464_41	UniRef100_A0A0P9FWX2~K10747	68.1	562	179	0	1	562	1	562	2.0e-219	766.9
11781ΩNODE_2_length_31236_cov_12.224464_42	UniRef100_E6N4Y4~K08094	38.9	383	227	3	8	386	5	384	2.6e-69	267.7
11781ΩNODE_13_length_17527_cov_10.671761_5	UniRef100_A0A0P9ENA2~K13798	80.3	1119	220	0	3	1121	2	1120	0.0e+00	1861.7
11781ΩNODE_13_length_17527_cov_10.671761_8	UniRef100_A0A0P9E7N1~K02908	64.6	99	35	0	1	99	1	99	6.2e-32	141.7
11781ΩNODE_13_length_17527_cov_10.671761_9	UniRef100_A0A0P9GC64~K02600	79.2	144	30	0	1	144	1	144	1.4e-60	237.3
11781ΩNODE_13_length_17527_cov_10.671761_13	UniRef100_A0A0P9DXQ1~K03529	63.0	681	223	4	1	653	1	680	2.2e-222	776.9
11781ΩNODE_169_length_5137_cov_9.664896_4	UniRef100_A0B8L6~K03809	34.2	158	92	3	1	147	1	157	1.7e-16	90.9
11781ΩNODE_169_length_5137_cov_9.664896_5	UniRef100_A0A090HZV1~K00568	36.3	226	142	2	1	225	1	225	3.2e-35	153.7
11781ΩNODE_169_length_5137_cov_9.664896_6	UniRef100_A0B5S8~K07405	50.0	490	228	8	1	490	5	477	5.7e-133	479.6
11781ΩNODE_35_length_12823_cov_9.242325_3	UniRef100_A3DKR5~K00721	41.4	239	134	3	39	272	2	239	2.0e-39	167.9
11781ΩNODE_35_length_12823_cov_9.242325_4	UniRef100_A0A0P9G4R1~K18882	53.5	340	149	3	8	342	15	350	4.8e-99	366.3
11781ΩNODE_35_length_12823_cov_9.242325_5	UniRef100_A0A0P9DS51~K04802	76.5	251	59	0	49	299	1	251	7.1e-107	392.1
11781ΩNODE_35_length_12823_cov_9.242325_6	UniRef100_A0A0P9ENH7~K03057	72.6	117	30	1	1	117	1	115	1.2e-44	184.1
11781ΩNODE_35_length_12823_cov_9.242325_9	UniRef100_E3GW45~K03056	46.2	78	39	1	1	78	1	75	1.0e-11	74.3
11781ΩNODE_35_length_12823_cov_9.242325_10	UniRef100_A0A0P9E0F7~K07573	58.8	187	77	0	7	193	5	191	7.2e-60	235.3
11781ΩNODE_35_length_12823_cov_9.242325_12	UniRef100_A0A0P9G4Q2~K07579	52.0	227	90	1	1	227	5	212	2.8e-63	246.9
11781ΩNODE_35_length_12823_cov_9.242325_13	UniRef100_A0A0N8PWQ4~K07561	67.7	328	106	0	4	331	5	332	1.5e-126	457.6
11781ΩNODE_35_length_12823_cov_9.242325_14	UniRef100_A0A0P9E3W4~K01007	73.6	827	203	5	5	822	12	832	0.0e+00	1229.5
11781ΩNODE_35_length_12823_cov_9.242325_15	UniRef100_A0A0P9FYS6~K02866	76.1	163	39	0	1	163	1	163	1.7e-65	253.8
11781ΩNODE_35_length_12823_cov_9.242325_16	UniRef100_A0A0P9I5J4~K01494	85.3	170	25	0	1	170	1	170	1.0e-81	307.8
11781ΩNODE_508_length_2916_cov_7.622859_2	UniRef100_A0A0P9EEB0~K03738	68.7	620	193	1	4	622	3	622	2.6e-260	902.9
11781ΩNODE_26_length_14303_cov_9.369175_1	UniRef100_A0A0F9NDY5~K07301	52.7	313	146	1	4	314	3	315	4.3e-78	296.6
11781ΩNODE_26_length_14303_cov_9.369175_3	UniRef100_E6N7U0~K00341	32.3	688	397	14	2	678	1	630	3.1e-73	281.6
11781ΩNODE_26_length_14303_cov_9.369175_4	UniRef100_E6N7T8~K00342	49.3	483	233	8	2	480	9	483	3.1e-112	410.6
11781ΩNODE_26_length_14303_cov_9.369175_5	UniRef100_E6N7Q1~K05568	44.0	489	263	4	2	486	4	485	1.6e-111	408.3
11781ΩNODE_26_length_14303_cov_9.369175_6	UniRef100_E6N9D5~K00340	46.5	101	54	0	3	103	4	104	4.1e-17	92.4
11781ΩNODE_26_length_14303_cov_9.369175_10	UniRef100_L0HNU4~K18023	64.3	129	46	0	10	138	9	137	1.5e-46	190.7
11781ΩNODE_26_length_14303_cov_9.369175_11	UniRef100_D7E6H9~K22160	38.5	143	84	3	7	146	6	147	7.7e-20	102.1
11781ΩNODE_26_length_14303_cov_9.369175_12	UniRef100_A1AUU6~K00333	53.5	381	175	1	5	385	2	380	3.6e-119	433.3
11781ΩNODE_26_length_14303_cov_9.369175_13	UniRef100_L0H931~K00337	44.7	311	157	3	27	329	11	314	4.6e-62	243.4
11781ΩNODE_56_length_9079_cov_10.546986_1	UniRef100_A0A023WVP6~K03724	32.3	331	189	9	26	335	12	328	6.9e-32	143.3
11781ΩNODE_56_length_9079_cov_10.546986_6	UniRef100_A0A0N8PW23~K13280	38.9	185	94	5	8	191	4	170	6.5e-22	109.4
11781ΩNODE_56_length_9079_cov_10.546986_7	UniRef100_A0A0N8PVN9~K03120	86.6	186	24	1	1	185	1	186	1.0e-82	311.2
11781ΩNODE_56_length_9079_cov_10.546986_10	UniRef100_A0A0P9FT48~K03789	64.2	159	57	0	1	159	1	159	3.3e-58	229.6
11781ΩNODE_56_length_9079_cov_10.546986_11	UniRef100_I7KBE4~K05595	60.7	196	77	0	6	201	16	211	3.0e-53	213.4
11781ΩNODE_203_length_4797_cov_8.876213_1	UniRef100_A0A0N8PVU5~K17487	63.0	227	83	1	2	227	1	227	3.6e-82	309.7
11781ΩNODE_203_length_4797_cov_8.876213_2	UniRef100_A0A0P9DVH0~K06878	76.6	107	25	0	1	107	1	107	1.0e-39	167.5
11781ΩNODE_203_length_4797_cov_8.876213_7	UniRef100_A0A0N8PWM9~K04800	69.1	408	126	0	1	408	1	408	7.0e-169	598.6
11781ΩNODE_5_length_24336_cov_10.693546_2	UniRef100_A0A0P9DPQ6~K04653	71.6	74	21	0	10	83	1	74	4.4e-22	108.6
11781ΩNODE_5_length_24336_cov_10.693546_3	UniRef100_A0A0N8PVW0~K04656	67.6	756	242	2	3	758	2	754	5.5e-281	971.8
11781ΩNODE_5_length_24336_cov_10.693546_4	UniRef100_A0A1Z2TNT9~K00196	32.5	166	94	4	6	156	3	165	1.2e-17	94.7
11781ΩNODE_5_length_24336_cov_10.693546_6	UniRef100_A0A1M4MQJ7~K03389	41.8	292	160	4	5	289	4	292	5.0e-65	253.1
11781ΩNODE_5_length_24336_cov_10.693546_7	UniRef100_A1AUU6~K00333	46.1	358	192	1	2	358	3	360	6.4e-89	332.8
11781ΩNODE_5_length_24336_cov_10.693546_12	UniRef100_W4XKE0~K02437	31.8	179	111	3	20	192	1	174	1.3e-16	91.7
11781ΩNODE_5_length_24336_cov_10.693546_13	UniRef100_Q8KFP0~K00266	42.2	481	257	10	13	481	30	501	4.4e-81	307.4
11781ΩNODE_5_length_24336_cov_10.693546_17	UniRef100_C9R9W4~K14127	71.3	136	38	1	4	139	2	136	3.0e-55	219.5
11781ΩNODE_5_length_24336_cov_10.693546_18	UniRef100_A0A0P9FTT7~K03390	70.8	168	48	1	11	178	17	183	6.0e-64	248.8
11781ΩNODE_5_length_24336_cov_10.693546_19	UniRef100_A0A0P9HZ25~K03389	73.4	290	76	1	1	290	1	289	2.7e-127	459.9
11781ΩNODE_5_length_24336_cov_10.693546_20	UniRef100_A0A0P9G763~K14128	75.5	327	75	2	4	330	2	323	1.3e-141	507.7
11781ΩNODE_5_length_24336_cov_10.693546_21	UniRef100_A0A0P9DP82~K14126	77.7	484	108	0	1	484	1	484	2.7e-225	786.2
11781ΩNODE_5_length_24336_cov_10.693546_22	UniRef100_Q6CYP4~K05796	37.1	159	79	6	8	148	3	158	1.7e-20	104.4
11781ΩNODE_5_length_24336_cov_10.693546_23	UniRef100_A0A0P9DUH0~K03738	73.8	619	162	0	1	619	1	619	4.1e-274	948.7
11781ΩNODE_5_length_24336_cov_10.693546_24	UniRef100_A0A0N8PW36~K03524	49.4	261	131	1	3	263	5	264	1.1e-66	258.5
11781ΩNODE_157_length_5329_cov_8.297876_2	UniRef100_A0A0P9E9T7~K06147	51.4	591	287	0	9	599	2	592	3.6e-166	590.1
11781ΩNODE_157_length_5329_cov_8.297876_3	UniRef100_D1C306~K06147	45.3	591	313	3	1	590	1	582	5.0e-136	490.0
11781ΩNODE_311_length_3768_cov_7.695125_2	UniRef100_F6IP30~K00789	34.7	239	144	6	1	236	41	270	4.6e-24	116.7
11781ΩNODE_311_length_3768_cov_7.695125_5	UniRef100_A0A0S2I3R1~K01482	40.2	246	146	1	9	253	7	252	3.5e-46	190.3
11781ΩNODE_4_length_24943_cov_10.129581_2	UniRef100_A0A0P9EEG4~K04768	35.4	353	220	6	5	353	4	352	7.4e-55	219.5
11781ΩNODE_4_length_24943_cov_10.129581_7	UniRef100_Q8TVC8~K07073	40.2	209	112	4	1	196	16	224	4.9e-32	142.9
11781ΩNODE_4_length_24943_cov_10.129581_8	UniRef100_W5WJT9~K16150	30.5	420	255	13	1	410	1	393	2.7e-40	171.4
11781ΩNODE_4_length_24943_cov_10.129581_10	UniRef100_A0A0P9FTM8~K01622	78.2	367	80	0	3	369	4	370	3.2e-173	612.8
11781ΩNODE_4_length_24943_cov_10.129581_14	UniRef100_A0A1W6K0N3~K06915	33.6	569	332	14	64	625	45	574	1.6e-68	265.8
11781ΩNODE_4_length_24943_cov_10.129581_15	UniRef100_A0A0P9DPF7~K00170	80.6	320	62	0	1	320	1	320	1.2e-152	544.3
11781ΩNODE_4_length_24943_cov_10.129581_16	UniRef100_A0A0P9E1E6~K00169	83.4	409	68	0	1	409	1	409	2.7e-197	693.0
11781ΩNODE_4_length_24943_cov_10.129581_17	UniRef100_Q8KFP0~K00266	41.0	488	272	9	38	513	28	511	4.4e-86	323.9
11781ΩNODE_4_length_24943_cov_10.129581_18	UniRef100_A0A0P9DTP2~K00172	74.7	186	47	0	1	186	1	186	9.9e-75	284.6
11781ΩNODE_4_length_24943_cov_10.129581_21	UniRef100_F4BYP8~K22226	33.6	402	231	10	71	463	10	384	1.1e-58	232.6
11781ΩNODE_24_length_14626_cov_9.030334_2	UniRef100_A0A0P9EAQ6~K09003	67.4	371	119	1	1	371	30	398	6.3e-153	545.4
11781ΩNODE_24_length_14626_cov_9.030334_4	UniRef100_A0A0P9I400~K02201	67.5	157	51	0	1	157	1	157	2.9e-54	216.5
11781ΩNODE_24_length_14626_cov_9.030334_5	UniRef100_A0A0P9DZG0~K13038	71.4	399	114	0	1	399	18	416	7.2e-155	552.0
11781ΩNODE_24_length_14626_cov_9.030334_6	UniRef100_F0S244~K00606	53.9	256	110	5	7	255	9	263	6.6e-69	265.8
11781ΩNODE_24_length_14626_cov_9.030334_7	UniRef100_A0A0B5HP54~K00077	41.8	294	165	4	3	293	2	292	4.0e-57	226.9
11781ΩNODE_24_length_14626_cov_9.030334_8	UniRef100_A0A0P9GB18~K09722	68.4	256	80	1	5	259	6	261	2.4e-82	310.5
11781ΩNODE_24_length_14626_cov_9.030334_9	UniRef100_A0A0N8PWI0~K06982	55.3	304	133	2	1	303	1	302	4.5e-93	346.3
11781ΩNODE_24_length_14626_cov_9.030334_11	UniRef100_A0A0N8PWN5~K19225	65.1	175	60	1	15	188	2	176	1.5e-57	227.6
11781ΩNODE_24_length_14626_cov_9.030334_12	UniRef100_A0A0P9FXV2~K14656	68.9	148	46	0	9	156	6	153	1.3e-51	207.6
11781ΩNODE_24_length_14626_cov_9.030334_14	UniRef100_A0A0P9EE53~K20215	64.0	264	94	1	1	263	1	264	2.4e-90	337.0
11781ΩNODE_42_length_10904_cov_9.314683_3	UniRef100_O57824~K07064	40.1	137	82	0	1	137	22	158	7.3e-20	102.1
11781ΩNODE_42_length_10904_cov_9.314683_6	UniRef100_A0A0P9E122~K00054	78.1	425	93	0	1	425	1	425	6.8e-188	661.8
11781ΩNODE_42_length_10904_cov_9.314683_7	UniRef100_A0A0P9EDC0~K00948	63.9	291	103	2	1	291	1	289	8.7e-102	375.2
11781ΩNODE_42_length_10904_cov_9.314683_9	UniRef100_A0A0P9EBS6~K00784	71.8	273	77	0	1	273	36	308	3.6e-113	412.9
11781ΩNODE_42_length_10904_cov_9.314683_13	UniRef100_F2L5P7~K07065	37.1	132	79	2	5	136	2	129	1.8e-15	87.4
11781ΩNODE_64_length_8315_cov_8.201816_2	UniRef100_A0A0P9HYS9~K09116	59.9	292	117	0	1	292	1	292	6.7e-94	349.0
11781ΩNODE_64_length_8315_cov_8.201816_3	UniRef100_A0A1W5CHH7~K00705	33.9	696	394	17	42	692	7	681	9.6e-102	376.3
11781ΩNODE_64_length_8315_cov_8.201816_4	UniRef100_A0A0P9EF10~K00965	66.2	346	112	3	1	345	1	342	6.8e-138	495.4
11781ΩNODE_64_length_8315_cov_8.201816_6	UniRef100_I7A2Q2~K21071	65.3	349	113	2	1	342	1	348	1.6e-126	457.6
11781ΩNODE_64_length_8315_cov_8.201816_7	UniRef100_F4LWU6~K01624	55.3	311	128	4	2	305	3	309	7.8e-85	318.9
11781ΩNODE_2176_length_1416_cov_6.911830_1	UniRef100_Q12ZG5~K04479	52.4	338	160	1	7	344	1	337	1.2e-94	351.7
11781ΩNODE_3402_length_1136_cov_3.691027_3	UniRef100_M2B637~K02574	35.0	260	135	10	1	233	1	253	5.5e-26	123.2
11781ΩNODE_60_length_8783_cov_11.287809_3	UniRef100_A0A0P9E833~K07333	57.1	315	130	1	15	324	19	333	9.4e-89	332.0
11781ΩNODE_60_length_8783_cov_11.287809_4	UniRef100_A0A0P9DVZ4~K07332	72.0	493	138	0	22	514	18	510	3.2e-208	729.6
11781ΩNODE_60_length_8783_cov_11.287809_12	UniRef100_R4MGN8~K14415	52.2	115	53	1	1	115	20	132	4.3e-20	102.4
11781ΩNODE_126_length_5791_cov_11.839958_3	UniRef100_A0A0P9I3W2~K01892	63.3	431	158	0	1	431	1	431	3.5e-155	553.1
11781ΩNODE_126_length_5791_cov_11.839958_5	UniRef100_A0A0P9E616~K08963	69.9	332	100	0	1	332	1	332	1.7e-128	464.2
11781ΩNODE_126_length_5791_cov_11.839958_7	UniRef100_A0A0P9ELL3~K00759	75.7	239	56	1	1	239	24	260	4.6e-96	355.9
11781ΩNODE_1023_length_2042_cov_7.751887_2	UniRef100_A0A0N8PWU7~K02917	60.9	87	34	0	3	89	10	96	2.9e-24	115.9
11781ΩNODE_546_length_2807_cov_4.919331_2	UniRef100_A0A0P9GAE5~K06218	82.0	89	16	0	1	89	1	89	4.5e-33	145.2
11781ΩNODE_6691_length_796_cov_4.053981_1	UniRef100_Q4UC08~K10755	45.0	242	128	2	4	242	6	245	3.7e-53	213.4
11781ΩNODE_118_length_5981_cov_7.431320_2	UniRef100_A0A0N8PWC0~K03136	65.1	169	59	0	27	195	15	183	1.9e-60	237.3
11781ΩNODE_118_length_5981_cov_7.431320_3	UniRef100_A0A0N8PVN9~K03120	61.7	188	68	1	1	188	1	184	5.6e-57	225.7
11781ΩNODE_118_length_5981_cov_7.431320_7	UniRef100_A0A0P9GBH6~K09736	64.4	132	47	0	1	132	1	132	9.7e-40	167.9
11781ΩNODE_118_length_5981_cov_7.431320_8	UniRef100_Q03Z26~K01439	37.5	429	264	4	24	449	16	443	1.1e-74	285.8
11781ΩNODE_558_length_2787_cov_5.295754_1	UniRef100_A0A0P9EMF4~K15635	60.7	382	150	0	1	382	7	388	8.6e-134	481.9
11781ΩNODE_558_length_2787_cov_5.295754_2	UniRef100_A0A0P9DVB5~K01881	75.2	444	110	0	1	444	37	480	2.8e-208	729.6
11781ΩNODE_443_length_3111_cov_6.646270_4	UniRef100_A0A0N8PVN9~K03120	63.0	184	66	1	5	188	5	186	2.7e-59	233.4
11781ΩNODE_17_length_15820_cov_9.923248_3	UniRef100_A0A0P9E699~K03404	38.3	801	416	12	1	740	1	784	1.3e-139	502.3
11781ΩNODE_17_length_15820_cov_9.923248_5	UniRef100_A0A0P9EMV8~K07022	62.2	328	122	2	5	332	1	326	6.8e-119	432.2
11781ΩNODE_17_length_15820_cov_9.923248_7	UniRef100_D3S1U3~K13993	30.8	195	80	9	7	179	10	171	1.7e-10	71.2
11781ΩNODE_17_length_15820_cov_9.923248_10	UniRef100_A0A0P9DVS1~K06961	65.2	187	65	0	1	187	1	187	2.5e-65	253.4
11781ΩNODE_17_length_15820_cov_9.923248_11	UniRef100_A0A0P9E081~K07178	69.7	261	79	0	10	270	11	271	1.5e-100	370.9
11781ΩNODE_17_length_15820_cov_9.923248_12	UniRef100_H8I7C1~K01992	49.7	390	189	2	7	392	7	393	3.3e-96	357.1
11781ΩNODE_17_length_15820_cov_9.923248_13	UniRef100_H8I7C0~K01990	55.6	333	146	2	2	333	7	338	2.2e-96	357.5
11781ΩNODE_17_length_15820_cov_9.923248_14	UniRef100_A0A0P9GC85~K03236	84.2	101	16	0	1	101	1	101	9.6e-48	194.1
11781ΩNODE_17_length_15820_cov_9.923248_15	UniRef100_K0B5C8~K03163	39.5	598	297	7	2	590	4	545	8.3e-107	392.9
11781ΩNODE_17_length_15820_cov_9.923248_16	UniRef100_A0A0P9I4X8~K09148	64.9	94	33	0	1	94	1	94	4.2e-29	132.1
11781ΩNODE_17_length_15820_cov_9.923248_17	UniRef100_A0A0N8PWP3~K03238	67.7	130	42	0	5	134	3	132	3.0e-44	183.0
11781ΩNODE_228_length_4503_cov_8.467626_4	UniRef100_D8GIV2~K01990	41.3	235	130	3	3	235	2	230	9.9e-43	178.7
11781ΩNODE_228_length_4503_cov_8.467626_5	UniRef100_A0A0P9I4R4~K07179	65.4	295	100	1	1	293	10	304	1.7e-105	387.5
11781ΩNODE_228_length_4503_cov_8.467626_6	UniRef100_A0A0P9FY56~K12625	59.0	78	32	0	1	78	1	78	8.3e-23	110.9
11781ΩNODE_190_length_4876_cov_8.482887_1	UniRef100_G0VM99~K00179	35.7	182	110	4	1	176	38	218	3.2e-22	110.2
11781ΩNODE_190_length_4876_cov_8.482887_2	UniRef100_M9SE34~K00180	43.4	196	111	0	3	198	2	197	2.2e-43	180.6
11781ΩNODE_190_length_4876_cov_8.482887_4	UniRef100_A0A0P9G5X4~K10848	73.4	233	61	1	1	233	1	232	2.2e-95	353.6
11781ΩNODE_190_length_4876_cov_8.482887_5	UniRef100_A0A0N8PW81~K03231	79.4	432	89	0	1	432	1	432	4.6e-208	728.8
11781ΩNODE_70_length_7816_cov_5.818451_2	UniRef100_D5U2I8~K01934	50.0	210	99	3	1	204	1	210	7.6e-52	208.8
11781ΩNODE_70_length_7816_cov_5.818451_3	UniRef100_A0A0F8XPD3~K00639	51.1	399	190	4	3	400	1	395	5.0e-108	396.4
11781ΩNODE_70_length_7816_cov_5.818451_5	UniRef100_C2TBS2~K01784	54.4	316	141	3	1	315	4	317	2.4e-92	344.0
11781ΩNODE_70_length_7816_cov_5.818451_7	UniRef100_Q5V3U7~K00858	43.2	373	189	10	5	374	3	355	1.0e-62	245.7
11781ΩNODE_39_length_11288_cov_10.719576_2	UniRef100_A0A0N8PWR0~K07034	78.3	198	36	2	28	225	13	203	8.0e-79	298.5
11781ΩNODE_39_length_11288_cov_10.719576_3	UniRef100_A1RWM7~K01537	49.1	906	435	9	5	907	4	886	3.5e-234	816.6
11781ΩNODE_39_length_11288_cov_10.719576_5	UniRef100_D4M9K8~K15987	56.5	147	62	1	1	147	21	165	2.0e-36	157.1
11781ΩNODE_39_length_11288_cov_10.719576_8	UniRef100_F4BZT7~K11131	50.4	250	124	0	2	251	45	294	1.3e-69	268.1
11781ΩNODE_39_length_11288_cov_10.719576_9	UniRef100_A0A0P9DVG0~K11131	67.5	77	25	0	1	77	1	77	3.0e-25	119.0
11781ΩNODE_39_length_11288_cov_10.719576_10	UniRef100_A0A0P9G888~K02875	69.1	94	29	0	1	94	1	94	1.2e-31	140.6
11781ΩNODE_84_length_7240_cov_9.522338_10	UniRef100_A0A0N8PWX9~K03517	70.4	301	89	0	25	325	3	303	3.9e-119	433.0
11781ΩNODE_84_length_7240_cov_9.522338_11	UniRef100_A0A0P9E949~K07722	70.7	123	36	0	1	123	1	123	7.8e-45	184.9
11781ΩNODE_84_length_7240_cov_9.522338_14	UniRef100_A0A0P9EBQ2~K03671	49.3	134	66	1	10	141	6	139	2.2e-34	150.2
11781ΩNODE_236_length_4403_cov_6.638684_1	UniRef100_D1YWJ9~K10563	54.1	270	122	1	1	270	1	268	1.6e-76	291.2
11781ΩNODE_236_length_4403_cov_6.638684_2	UniRef100_A0A1I3UNC7~K00657	31.6	174	107	5	6	177	4	167	3.1e-15	87.0
11781ΩNODE_236_length_4403_cov_6.638684_4	UniRef100_H8I6X2~K00860	53.7	175	76	2	7	177	3	176	1.8e-44	184.1
11781ΩNODE_109_length_6242_cov_8.842573_3	UniRef100_B1Y9E2~K06937	54.8	520	216	8	4	506	44	561	3.2e-160	570.1
11781ΩNODE_109_length_6242_cov_8.842573_4	UniRef100_A0A0N8PWX3~K19221	76.0	175	42	0	2	176	10	184	1.8e-70	270.4
11781ΩNODE_109_length_6242_cov_8.842573_5	UniRef100_F4HM51~K07588	58.8	262	103	3	1	257	1	262	1.7e-79	301.2
11781ΩNODE_109_length_6242_cov_8.842573_6	UniRef100_A0A0P9FT29~K01849	70.1	134	40	0	1	134	1	134	7.5e-48	194.9
11781ΩNODE_109_length_6242_cov_8.842573_7	UniRef100_A0A0P9I6W6~K01848	75.2	556	137	1	5	559	20	575	3.3e-251	872.5
11781ΩNODE_40_length_11256_cov_9.194893_1	UniRef100_A0A0X1KSL7~K13049	32.1	371	236	7	70	435	58	417	1.0e-45	189.5
11781ΩNODE_40_length_11256_cov_9.194893_5	UniRef100_A9A4H5~K03652	48.9	174	85	4	1	172	3	174	9.6e-33	145.2
11781ΩNODE_40_length_11256_cov_9.194893_7	UniRef100_N0BCV0~K18828	56.0	134	52	3	6	139	3	129	1.6e-29	134.0
11781ΩNODE_40_length_11256_cov_9.194893_13	UniRef100_A0A0P9GBE8~K07095	65.0	163	57	0	19	181	2	164	3.8e-55	219.5
11781ΩNODE_40_length_11256_cov_9.194893_16	UniRef100_A0A0P9DZV8~K01939	56.3	334	144	2	1	333	1	333	9.4e-108	395.2
11781ΩNODE_40_length_11256_cov_9.194893_17	UniRef100_F6CJK4~K01895	59.1	635	250	5	17	641	11	645	4.7e-225	785.8
11781ΩNODE_83_length_7364_cov_12.215625_3	UniRef100_A0A0P9DZI7~K06950	60.7	178	69	1	1	178	1	177	2.1e-58	230.3
11781ΩNODE_83_length_7364_cov_12.215625_4	UniRef100_A0A0P9FWE5~K03136	74.1	170	44	0	4	173	1	170	7.3e-72	275.0
11781ΩNODE_83_length_7364_cov_12.215625_6	UniRef100_A0A0P9EPR8~K01974	69.3	345	106	0	21	365	1	345	2.5e-138	496.9
11781ΩNODE_212_length_4611_cov_6.040167_2	UniRef100_E6N549~K01990	40.5	309	184	0	1	309	1	309	2.6e-59	234.2
11781ΩNODE_212_length_4611_cov_6.040167_3	UniRef100_F4B433~K01992	34.4	285	175	3	7	286	2	279	5.3e-35	153.3
11781ΩNODE_67_length_8075_cov_12.103616_2	UniRef100_A0A0P9DX97~K02923	84.4	64	10	0	1	64	1	64	4.4e-22	108.2
11781ΩNODE_67_length_8075_cov_12.103616_9	UniRef100_A0A0P9FTL0~K01265	64.7	300	105	1	26	325	2	300	4.2e-113	412.9
11781ΩNODE_67_length_8075_cov_12.103616_12	UniRef100_A0A0P9E0U2~K01867	74.9	363	90	1	7	368	7	369	1.6e-164	583.9
11781ΩNODE_44_length_10866_cov_11.934974_6	UniRef100_A0A0A7GDC9~K06940	42.3	104	57	2	1	103	1	102	2.9e-15	86.3
11781ΩNODE_44_length_10866_cov_11.934974_9	UniRef100_A0A0P9FSZ8~K03622	48.6	109	49	3	16	120	4	109	4.0e-16	89.4
11781ΩNODE_44_length_10866_cov_11.934974_11	UniRef100_A0A0N8PVN9~K03120	80.6	186	36	0	1	186	1	186	8.7e-79	298.1
11781ΩNODE_44_length_10866_cov_11.934974_12	UniRef100_K0EZ96~K09946	75.0	56	14	0	7	62	4	59	1.8e-15	86.3
11781ΩNODE_612_length_2653_cov_9.784834_1	UniRef100_A0A0P9DZJ3~K00609	78.9	308	65	0	9	316	7	314	1.1e-131	474.6
11781ΩNODE_612_length_2653_cov_9.784834_2	UniRef100_Q8TWY0~K21636	30.8	533	341	11	3	516	38	561	3.5e-61	241.1
11781ΩNODE_21_length_15331_cov_10.697958_5	UniRef100_A0A0P9DYS9~K02683	60.4	369	145	1	42	409	1	369	1.2e-133	481.5
11781ΩNODE_21_length_15331_cov_10.697958_6	UniRef100_A0A0N8PWF8~K09723	51.1	180	88	0	1	180	12	191	1.0e-47	194.9
11781ΩNODE_21_length_15331_cov_10.697958_7	UniRef100_A0A0P9ELX2~K02929	79.8	94	18	1	1	93	1	94	3.9e-35	152.1
11781ΩNODE_21_length_15331_cov_10.697958_8	UniRef100_A0A0P9DUV9~K02978	72.3	65	18	0	1	65	1	65	2.0e-22	109.4
11781ΩNODE_21_length_15331_cov_10.697958_9	UniRef100_A0A0P9E3X9~K03237	63.9	263	94	1	1	262	1	263	7.6e-89	332.0
11781ΩNODE_21_length_15331_cov_10.697958_10	UniRef100_A0A0N8PWF7~K07159	67.3	257	84	0	1	257	1	257	7.5e-97	358.6
11781ΩNODE_21_length_15331_cov_10.697958_11	UniRef100_A0A0N8PWB2~K01791	70.5	356	105	0	5	360	1	356	8.5e-147	525.0
11781ΩNODE_21_length_15331_cov_10.697958_13	UniRef100_A0A0P9DZZ3~K10726	77.9	678	149	1	1	678	1	677	1.3e-302	1043.5
11781ΩNODE_21_length_15331_cov_10.697958_15	UniRef100_B5YD71~K00384	37.1	310	183	6	4	307	14	317	1.5e-46	191.8
11781ΩNODE_21_length_15331_cov_10.697958_16	UniRef100_R4YH14~K00261	49.3	203	103	0	2	204	8	210	2.5e-50	203.8
11781ΩNODE_74_length_7706_cov_10.930597_2	UniRef100_K9Y8F3~K00297	31.3	297	184	9	2	291	5	288	2.4e-30	137.9
11781ΩNODE_74_length_7706_cov_10.930597_3	UniRef100_E6N5D6~K00549	33.2	316	201	4	5	320	4	309	9.3e-44	182.6
11781ΩNODE_74_length_7706_cov_10.930597_4	UniRef100_Q1AXS0~K00549	47.8	379	191	5	7	382	8	382	7.4e-101	372.5
11781ΩNODE_74_length_7706_cov_10.930597_5	UniRef100_A0A0P9FUG8~K00573	72.0	161	44	1	1	161	1	160	2.4e-61	240.0
11781ΩNODE_74_length_7706_cov_10.930597_6	UniRef100_A0A0P9EHF3~K00384	68.3	303	96	0	1	303	1	303	1.4e-118	431.0
11781ΩNODE_38_length_11542_cov_6.800818_1	UniRef100_B9DNP8~K00283	54.8	210	89	4	1	209	33	237	4.0e-54	216.5
11781ΩNODE_38_length_11542_cov_6.800818_3	UniRef100_A0A0P9I0W0~K07466	60.3	136	49	3	16	147	14	148	8.5e-37	158.3
11781ΩNODE_38_length_11542_cov_6.800818_8	UniRef100_A0A142CTA5~K06934	42.4	139	74	4	2	138	1	135	1.2e-19	101.3
11781ΩNODE_38_length_11542_cov_6.800818_9	UniRef100_A0A0P9EP25~K03789	54.1	146	66	1	5	149	10	155	2.1e-35	153.7
11781ΩNODE_38_length_11542_cov_6.800818_10	UniRef100_A0A0P9E3X0~K07027	41.4	355	203	3	1	351	1	354	8.2e-57	226.1
11781ΩNODE_38_length_11542_cov_6.800818_12	UniRef100_A7HKZ5~K06951	50.3	183	88	1	2	184	1	180	2.6e-43	180.3
11781ΩNODE_38_length_11542_cov_6.800818_15	UniRef100_W8NSQ1~K03568	31.5	276	171	6	21	286	12	279	5.1e-30	136.7
11781ΩNODE_23_length_14939_cov_8.894518_1	UniRef100_A0A0P9E0S1~K02601	76.3	156	37	0	1	156	1	156	1.7e-62	243.8
11781ΩNODE_23_length_14939_cov_8.894518_2	UniRef100_A0A0P9ELM7~K02867	79.1	158	33	0	1	158	1	158	7.5e-63	245.0
11781ΩNODE_23_length_14939_cov_8.894518_3	UniRef100_A0A0P9DUQ1~K02863	61.9	215	81	1	1	215	1	214	2.1e-68	263.8
11781ΩNODE_23_length_14939_cov_8.894518_4	UniRef100_A0A0P9E628~K02864	66.0	288	98	0	10	297	10	297	1.5e-80	304.7
11781ΩNODE_23_length_14939_cov_8.894518_5	UniRef100_A0A0P9GAK2~K02869	80.2	106	20	1	1	106	1	105	5.2e-20	102.1
11781ΩNODE_23_length_14939_cov_8.894518_7	UniRef100_A0A0P9E852~K09142	61.9	278	105	1	2	278	4	281	5.5e-93	345.9
11781ΩNODE_23_length_14939_cov_8.894518_8	UniRef100_A0A0P9DX87~K15916	47.6	380	183	3	5	372	51	426	4.7e-100	369.8
11781ΩNODE_23_length_14939_cov_8.894518_9	UniRef100_A0A0P9ECV2~K01858	71.3	352	101	0	1	352	1	352	8.0e-142	508.4
11781ΩNODE_23_length_14939_cov_8.894518_12	UniRef100_A0A0P9I728~K01880	67.0	578	189	1	6	583	2	577	1.2e-238	830.9
11781ΩNODE_23_length_14939_cov_8.894518_13	UniRef100_A0A0P9ENN1~K07220	65.9	217	74	0	1	217	1	217	4.0e-75	286.2
11781ΩNODE_23_length_14939_cov_8.894518_14	UniRef100_A0A0P9DX82~K01170	75.1	185	46	0	1	185	1	185	3.3e-78	296.2
11781ΩNODE_23_length_14939_cov_8.894518_15	UniRef100_A0A0P9FY67~K01975	65.1	186	65	0	1	186	1	186	1.0e-71	274.6
11781ΩNODE_23_length_14939_cov_8.894518_16	UniRef100_A0A0N8PWK7~K07558	64.2	467	167	0	5	471	7	473	6.0e-177	625.5
11781ΩNODE_23_length_14939_cov_8.894518_17	UniRef100_A0A0P9EBL7~K06153	45.7	219	118	1	8	226	54	271	3.4e-45	186.8
11781ΩNODE_155_length_5389_cov_9.568429_1	UniRef100_A0A0N8PWG8~K04076	65.6	727	237	5	5	727	3	720	3.0e-276	956.1
11781ΩNODE_155_length_5389_cov_9.568429_2	UniRef100_A0A0P9E072~K01915	54.2	469	194	7	7	470	40	492	2.3e-136	490.7
11781ΩNODE_143_length_5512_cov_6.132124_1	UniRef100_A0A0P9EG24~K04655	74.9	315	76	3	10	324	1	312	9.3e-129	464.9
11781ΩNODE_143_length_5512_cov_6.132124_2	UniRef100_B5I9N6~K04651	47.3	131	66	2	1	128	1	131	6.5e-28	128.6
11781ΩNODE_143_length_5512_cov_6.132124_3	UniRef100_A5D1K4~K03593	51.9	233	112	0	3	235	2	234	6.2e-69	265.8
11781ΩNODE_143_length_5512_cov_6.132124_4	UniRef100_A0A0B5HPD6~K07507	48.8	129	65	1	28	155	4	132	1.0e-24	118.2
11781ΩNODE_143_length_5512_cov_6.132124_7	UniRef100_F2LXM2~K00266	68.4	469	147	1	2	469	1	469	1.4e-181	641.0
11781ΩNODE_144_length_5481_cov_8.035938_4	UniRef100_A0A0P9E9W6~K09482	70.3	438	130	0	5	442	3	440	3.4e-182	642.9
11781ΩNODE_19_length_15794_cov_10.392528_9	UniRef100_J7IP61~K01628	54.5	209	93	1	8	214	7	215	1.4e-59	234.6
11781ΩNODE_19_length_15794_cov_10.392528_11	UniRef100_A0A0P9I4U6~K06942	78.0	400	87	1	1	400	1	399	1.0e-185	654.4
11781ΩNODE_19_length_15794_cov_10.392528_12	UniRef100_A0A0P9FY89~K15888	70.4	260	77	0	1	260	1	260	2.9e-104	383.3
11781ΩNODE_19_length_15794_cov_10.392528_13	UniRef100_A0A0P9ECP9~K00772	67.9	262	84	0	1	262	1	262	2.4e-106	390.2
11781ΩNODE_19_length_15794_cov_10.392528_14	UniRef100_A0A0P9DZQ3~K08975	54.9	395	167	3	3	387	4	397	1.6e-114	417.9
11781ΩNODE_321_length_3692_cov_5.656860_2	UniRef100_A0A088E6I9~K04719	34.3	181	92	5	1	156	1	179	2.0e-16	90.9
11781ΩNODE_321_length_3692_cov_5.656860_3	UniRef100_A0A0E3PPD5~K07050	40.2	249	137	4	8	250	1	243	4.2e-44	183.3
11781ΩNODE_29_length_13920_cov_10.220916_2	UniRef100_G0EEC8~K01090	32.0	303	187	6	19	306	24	322	2.4e-41	174.5
11781ΩNODE_29_length_13920_cov_10.220916_6	UniRef100_A0A0P9EFY6~K00200	76.6	542	127	0	22	563	1	542	9.7e-259	897.5
11781ΩNODE_29_length_13920_cov_10.220916_7	UniRef100_A0A0N8PVV3~K00201	65.6	479	117	3	1	432	3	480	1.1e-177	627.9
11781ΩNODE_29_length_13920_cov_10.220916_10	UniRef100_A0A0P9HZH4~K00203	63.4	131	48	0	1	131	1	131	4.9e-44	182.2
11781ΩNODE_29_length_13920_cov_10.220916_11	UniRef100_A0A1J0GEZ6~K01990	42.7	316	173	4	6	320	2	310	1.2e-67	261.9
11781ΩNODE_29_length_13920_cov_10.220916_13	UniRef100_A0A0P9G5B9~K05966	58.5	311	126	2	9	318	10	318	2.2e-98	364.0
11781ΩNODE_256_length_4217_cov_10.191735_2	UniRef100_A6TKL4~K02510	32.8	244	150	5	30	272	22	252	3.0e-30	137.5
11781ΩNODE_256_length_4217_cov_10.191735_4	UniRef100_A0A0P9FWC9~K04796	84.0	75	12	0	1	75	1	75	5.2e-30	134.8
11781ΩNODE_256_length_4217_cov_10.191735_7	UniRef100_A0A167GF08~K06019	30.2	215	136	6	11	219	5	211	2.3e-14	84.3
11781ΩNODE_256_length_4217_cov_10.191735_8	UniRef100_A0A0P9DT00~K02946	89.2	102	11	0	1	102	1	102	4.5e-45	185.3
11781ΩNODE_274_length_4051_cov_6.649149_6	UniRef100_A0A286RB84~K01990	45.9	318	168	2	4	318	18	334	5.5e-73	279.6
11781ΩNODE_94_length_6866_cov_12.834679_1	UniRef100_Q2IQM2~K07168	34.6	127	82	1	1	126	1	127	1.2e-06	58.2
11781ΩNODE_94_length_6866_cov_12.834679_6	UniRef100_A0A128A2L1~K03282	46.9	130	60	3	1	121	1	130	1.5e-18	97.4
11781ΩNODE_94_length_6866_cov_12.834679_7	UniRef100_D3S2U4~K00249	67.1	392	125	2	1	388	1	392	2.2e-153	547.0
11781ΩNODE_46_length_10554_cov_9.791218_1	UniRef100_A0A0U5MU95~K01712	45.8	360	193	2	2	359	69	428	8.6e-91	339.0
11781ΩNODE_46_length_10554_cov_9.791218_8	UniRef100_A0A0P9E584~K07101	64.8	196	69	0	1	196	1	196	7.6e-73	278.5
11781ΩNODE_46_length_10554_cov_9.791218_9	UniRef100_A0A0P9DT61~K09119	55.9	188	81	2	1	187	1	187	5.2e-47	192.6
11781ΩNODE_46_length_10554_cov_9.791218_10	UniRef100_A0A0P9I741~K06963	74.4	172	44	0	1	172	2	173	2.8e-63	246.5
11781ΩNODE_46_length_10554_cov_9.791218_11	UniRef100_A0A0D2PYD4~K13051	36.4	236	135	4	1	228	6	234	1.1e-25	122.1
11781ΩNODE_46_length_10554_cov_9.791218_12	UniRef100_A0A0P9E0V6~K06174	73.5	593	153	2	1	590	1	592	5.1e-258	895.2
11781ΩNODE_46_length_10554_cov_9.791218_13	UniRef100_F2L2K7~K01489	42.4	132	66	4	9	139	2	124	8.3e-18	95.1
11781ΩNODE_290_length_3915_cov_5.024352_3	UniRef100_F6B7L4~K16150	48.4	399	201	3	4	401	7	401	2.6e-104	384.0
11781ΩNODE_7_length_23789_cov_12.379582_2	UniRef100_A0A0P9DWU0~K02319	69.8	867	256	3	27	891	24	886	0.0e+00	1240.7
11781ΩNODE_7_length_23789_cov_12.379582_5	UniRef100_P96000~K01001	31.4	293	176	7	7	287	37	316	4.4e-21	107.1
11781ΩNODE_7_length_23789_cov_12.379582_10	UniRef100_A0A0P9HXH6~K04484	60.3	224	88	1	5	228	2	224	2.2e-71	273.9
11781ΩNODE_7_length_23789_cov_12.379582_12	UniRef100_A0A0P9DMY6~K06947	49.1	430	208	4	1	425	2	425	2.3e-114	417.5
11781ΩNODE_7_length_23789_cov_12.379582_13	UniRef100_A0A0P9G4P4~K10773	64.2	218	78	0	1	218	1	218	8.0e-76	288.5
11781ΩNODE_7_length_23789_cov_12.379582_14	UniRef100_A0A0P9E271~K11878	57.9	114	48	0	1	114	1	114	8.4e-30	134.8
11781ΩNODE_7_length_23789_cov_12.379582_20	UniRef100_A0A0P9FXC9~K00672	61.2	294	113	1	5	297	2	295	1.2e-98	364.8
11781ΩNODE_7_length_23789_cov_12.379582_21	UniRef100_A0A0F6ANC0~K01915	47.3	442	223	5	3	440	2	437	6.1e-107	392.9
11781ΩNODE_7_length_23789_cov_12.379582_22	UniRef100_A0A0P9E981~K01468	48.8	418	210	4	4	419	5	420	6.7e-111	406.0
11781ΩNODE_49_length_9986_cov_10.529856_4	UniRef100_E3GXV4~K16317	40.9	176	93	3	14	178	23	198	3.4e-27	126.7
11781ΩNODE_49_length_9986_cov_10.529856_7	UniRef100_A0A0P9I4M6~K04069	70.9	357	103	1	20	376	11	366	5.1e-163	578.9
11781ΩNODE_49_length_9986_cov_10.529856_8	UniRef100_A0A0P9GBD0~K00946	63.2	329	120	1	1	329	1	328	2.1e-115	420.6
11781ΩNODE_731_length_2425_cov_13.179747_1	UniRef100_A0A0N8PVX4~K04799	75.8	343	83	0	1	343	1	343	1.2e-147	527.7
11781ΩNODE_731_length_2425_cov_13.179747_2	UniRef100_A0A0P9DZY4~K06001	66.1	410	138	1	17	425	3	412	1.4e-161	574.3
11781ΩNODE_1761_length_1564_cov_7.249834_1	UniRef100_A0A0P9GBB0~K03568	72.7	461	125	1	12	472	1	460	2.9e-195	686.4
11781ΩNODE_72_length_7739_cov_6.434149_3	UniRef100_F6BBN4~K01473	49.4	693	333	8	1	693	1	675	4.6e-181	639.8
11781ΩNODE_72_length_7739_cov_6.434149_4	UniRef100_A0A0P9FXW6~K21672	57.9	342	144	0	7	348	2	343	1.7e-107	394.4
11781ΩNODE_72_length_7739_cov_6.434149_5	UniRef100_A0A1Q2HQ01~K03809	34.0	156	92	3	5	153	3	154	1.6e-17	94.4
11781ΩNODE_92_length_6961_cov_9.135534_2	UniRef100_A0A0P9EI81~K03540	74.8	103	25	1	1	103	1	102	1.2e-37	160.6
11781ΩNODE_92_length_6961_cov_9.135534_3	UniRef100_A0A0P9I1X0~K07574	61.4	88	34	0	4	91	2	89	6.4e-22	108.2
11781ΩNODE_92_length_6961_cov_9.135534_4	UniRef100_A0A1P8KR38~K03272	46.9	128	66	2	6	132	8	134	2.9e-24	116.7
11781ΩNODE_92_length_6961_cov_9.135534_5	UniRef100_A0A0P9FVM5~K02966	66.2	151	51	0	1	151	1	151	5.3e-53	212.2
11781ΩNODE_92_length_6961_cov_9.135534_6	UniRef100_A0A0P9E4Z1~K06875	59.3	108	44	0	2	109	12	119	9.4e-25	117.9
11781ΩNODE_92_length_6961_cov_9.135534_7	UniRef100_A0A0P9DVN1~K02924	86.3	51	7	0	1	51	1	51	1.1e-15	86.7
11781ΩNODE_92_length_6961_cov_9.135534_9	UniRef100_A0A0P9E0Q6~K03264	68.9	225	70	0	1	225	1	225	4.1e-83	312.8
11781ΩNODE_92_length_6961_cov_9.135534_10	UniRef100_A0A0N8PW43~K02944	62.3	77	29	0	1	77	4	80	1.4e-20	103.6
11781ΩNODE_92_length_6961_cov_9.135534_11	UniRef100_A0A0P9DRS0~K04797	52.1	140	67	0	3	142	2	141	7.6e-30	135.2
11781ΩNODE_92_length_6961_cov_9.135534_12	UniRef100_C3NG98~K03110	52.9	170	80	0	1	170	37	206	2.9e-44	183.3
11781ΩNODE_92_length_6961_cov_9.135534_13	UniRef100_A0A0N8PWF0~K00611	74.9	303	76	0	1	303	1	303	1.8e-134	483.8
11781ΩNODE_92_length_6961_cov_9.135534_14	UniRef100_A0A0P9EAM5~K09716	58.8	274	110	2	1	274	1	271	4.4e-87	326.2
11781ΩNODE_676_length_2537_cov_13.101934_1	UniRef100_A0A0P9E476~K04798	73.9	119	31	0	3	121	6	124	2.6e-39	166.4
11781ΩNODE_676_length_2537_cov_13.101934_4	UniRef100_A0A0P9E8I4~K16786	74.3	268	68	1	1	268	1	267	4.8e-115	419.1
11781ΩNODE_30_length_13703_cov_8.729777_2	UniRef100_F6CLL8~K03424	51.6	254	122	1	2	254	4	257	3.7e-72	276.6
11781ΩNODE_30_length_13703_cov_8.729777_4	UniRef100_F6BED9~K00600	46.1	412	197	5	5	393	10	419	2.6e-93	347.4
11781ΩNODE_30_length_13703_cov_8.729777_7	UniRef100_A0A0N8PWT4~K03059	73.2	56	15	0	1	56	1	56	3.4e-18	95.1
11781ΩNODE_30_length_13703_cov_8.729777_8	UniRef100_A0A0N8PVX6~K15429	61.6	281	108	0	13	293	1	281	3.8e-100	369.8
11781ΩNODE_30_length_13703_cov_8.729777_11	UniRef100_Q8TYP5~K18855	46.4	308	165	0	8	315	7	314	3.9e-71	273.5
11781ΩNODE_30_length_13703_cov_8.729777_12	UniRef100_A0A0P9DU89~K02472	50.5	459	226	1	1	459	26	483	1.3e-128	464.9
11781ΩNODE_30_length_13703_cov_8.729777_13	UniRef100_A0A0P9FUF8~K15778	66.3	451	152	0	5	455	4	454	1.3e-181	641.0
11781ΩNODE_30_length_13703_cov_8.729777_14	UniRef100_L0ID25~K01470	42.0	238	133	3	5	238	11	247	1.1e-44	185.3
11781ΩNODE_30_length_13703_cov_8.729777_16	UniRef100_B7IHB1~K02032	55.1	303	135	1	1	303	20	321	1.2e-88	331.6
11781ΩNODE_10_length_20652_cov_10.246152_6	UniRef100_B8DZ90~K03593	62.6	270	99	1	13	282	2	269	9.8e-93	345.1
11781ΩNODE_10_length_20652_cov_10.246152_9	UniRef100_Q8U352~K06933	49.5	101	45	2	23	123	2	96	8.5e-14	81.6
11781ΩNODE_10_length_20652_cov_10.246152_10	UniRef100_A0A0P9EMT6~K03671	62.7	142	49	1	1	142	1	138	7.4e-46	188.3
11781ΩNODE_10_length_20652_cov_10.246152_14	UniRef100_A1RZW7~K12941	69.9	471	142	0	5	475	3	473	8.1e-206	721.5
11781ΩNODE_10_length_20652_cov_10.246152_16	UniRef100_A0A0P9I5F3~K09129	81.9	160	29	0	2	161	1	160	2.1e-73	280.0
11781ΩNODE_10_length_20652_cov_10.246152_18	UniRef100_D7DB61~K09131	39.3	89	51	1	3	88	15	103	7.2e-10	68.2
11781ΩNODE_10_length_20652_cov_10.246152_19	UniRef100_A0A0P9FYU6~K03265	74.9	410	103	0	1	410	8	417	8.1e-178	628.2
11781ΩNODE_10_length_20652_cov_10.246152_20	UniRef100_A0A0P9DPL5~K00672	73.0	296	80	0	14	309	5	300	7.3e-123	445.3
11781ΩNODE_10_length_20652_cov_10.246152_21	UniRef100_A0A0P9E1L0~K10714	67.0	300	99	0	6	305	46	345	6.0e-112	409.1
11781ΩNODE_10_length_20652_cov_10.246152_25	UniRef100_I3RFI0~K20608	51.0	345	165	3	1	343	1	343	1.2e-89	335.1
11781ΩNODE_10_length_20652_cov_10.246152_29	UniRef100_A2BJN1~K01069	35.6	261	155	7	61	314	18	272	6.9e-36	156.4
11781ΩNODE_50_length_9826_cov_8.699110_3	UniRef100_A0A0P9DSQ4~K12574	41.2	468	239	11	4	449	13	466	1.1e-92	345.5
11781ΩNODE_50_length_9826_cov_8.699110_6	UniRef100_Q0W3R5~K01905	35.4	457	269	10	7	449	9	453	7.7e-73	279.6
11781ΩNODE_50_length_9826_cov_8.699110_7	UniRef100_A0A0P9EEI9~K12960	60.7	435	171	0	1	435	1	435	5.6e-153	545.8
11781ΩNODE_445_length_3109_cov_5.129993_3	UniRef100_A0A0P9FWB4~K00384	65.2	310	107	1	1	310	1	309	2.7e-109	400.2
11781ΩNODE_248_length_4295_cov_6.946934_1	UniRef100_A0A0D5YPR5~K07301	38.0	305	186	1	8	312	7	308	7.8e-51	206.1
11781ΩNODE_248_length_4295_cov_6.946934_6	UniRef100_E6N7Q3~K01866	46.8	295	150	2	2	292	72	363	1.6e-74	284.6
11781ΩNODE_110_length_6239_cov_9.152814_6	UniRef100_A0A0P9DTN7~K13993	65.9	205	58	3	3	195	4	208	3.1e-71	273.1
11781ΩNODE_110_length_6239_cov_9.152814_7	UniRef100_A0A0P9E5V9~K01092	53.8	262	120	1	5	266	1	261	4.6e-76	289.7
11781ΩNODE_27_length_14207_cov_9.626767_3	UniRef100_O59188~K03718	31.3	144	94	3	1	144	5	143	1.9e-12	77.4
11781ΩNODE_27_length_14207_cov_9.626767_9	UniRef100_A0A0P9EB92~K07137	78.8	457	97	0	1	457	1	457	1.1e-207	727.6
11781ΩNODE_27_length_14207_cov_9.626767_11	UniRef100_A0A0D5NJY6~K07045	44.2	310	158	4	44	352	6	301	1.1e-77	295.4
11781ΩNODE_27_length_14207_cov_9.626767_13	UniRef100_D9QU56~K22136	34.8	537	322	13	1	514	1	532	4.5e-77	293.9
11781ΩNODE_27_length_14207_cov_9.626767_14	UniRef100_D5XA47~K01463	42.9	226	127	1	2	225	6	231	4.3e-48	196.4
11781ΩNODE_27_length_14207_cov_9.626767_15	UniRef100_A0A0H4PFJ3~K00754	50.6	342	154	5	1	329	1	340	1.9e-89	334.3
11781ΩNODE_167_length_5163_cov_10.743735_1	UniRef100_A0A0N8PWL6~K10725	61.4	389	150	0	1	389	1	389	7.6e-133	478.8
11781ΩNODE_167_length_5163_cov_10.743735_3	UniRef100_A0A0P9EFQ3~K07095	64.8	165	57	1	1	165	1	164	2.4e-56	223.4
11781ΩNODE_446_length_3103_cov_10.250656_1	UniRef100_A0A0P9FTL7~K03799	69.1	320	90	4	1	318	1	313	4.1e-113	412.9
11781ΩNODE_446_length_3103_cov_10.250656_3	UniRef100_A0A0P9I6T4~K02823	58.4	267	111	0	11	277	8	274	3.3e-90	336.7
12661ΩNODE_214_length_4586_cov_6.152505_2	UniRef100_A0A0X8D0I2~K03495	56.4	617	268	1	6	621	8	624	3.8e-195	686.4
12661ΩNODE_214_length_4586_cov_6.152505_4	UniRef100_D9TMT2~K03784	79.0	233	49	0	1	233	1	233	3.8e-100	369.4
12661ΩNODE_359_length_3463_cov_4.632629_2	UniRef100_A0A060HRS4~K03790	35.6	177	110	3	1	174	14	189	6.4e-23	112.5
12661ΩNODE_359_length_3463_cov_4.632629_3	UniRef100_A0A1P8F867~K07478	60.8	360	140	1	2	360	4	363	5.1e-120	436.0
12661ΩNODE_3149_length_1183_cov_4.547872_1	UniRef100_I8RG47~K18682	65.6	378	130	0	5	382	77	454	1.0e-134	485.0
12661ΩNODE_572_length_2746_cov_4.215533_1	UniRef100_U3TFS9~K00384	42.3	163	89	4	15	176	12	170	5.2e-25	119.4
12661ΩNODE_572_length_2746_cov_4.215533_2	UniRef100_Q314X6~K03753	40.8	240	141	1	1	240	1	239	2.5e-41	174.1
12661ΩNODE_572_length_2746_cov_4.215533_3	UniRef100_B8FCX5~K07090	39.6	250	150	1	12	261	12	260	6.2e-38	162.9
12661ΩNODE_1884_length_1515_cov_2.495205_1	UniRef100_A0LK49~K02945	39.2	500	292	6	8	505	27	516	8.0e-103	379.4
12661ΩNODE_95_length_6786_cov_6.642698_1	UniRef100_Q8R7V4~K02906	64.6	192	66	2	1	191	14	204	5.3e-63	245.7
12661ΩNODE_95_length_6786_cov_6.642698_2	UniRef100_G7V8U3~K02886	68.6	271	84	1	4	274	3	272	2.1e-105	387.1
12661ΩNODE_95_length_6786_cov_6.642698_3	UniRef100_B8D0C8~K02965	76.6	94	22	0	1	94	1	94	7.1e-37	157.9
12661ΩNODE_95_length_6786_cov_6.642698_4	UniRef100_B8D0C9~K02890	61.1	113	44	0	1	113	1	113	1.1e-31	141.0
12661ΩNODE_95_length_6786_cov_6.642698_5	UniRef100_A0A0L6W325~K02982	66.3	208	70	0	1	208	1	208	6.9e-76	288.9
12661ΩNODE_95_length_6786_cov_6.642698_6	UniRef100_Q8R7W1~K02878	69.9	136	41	0	1	136	1	136	7.5e-51	204.9
12661ΩNODE_95_length_6786_cov_6.642698_7	UniRef100_E4Q823~K02904	56.5	69	30	0	1	69	1	69	1.6e-13	80.1
12661ΩNODE_95_length_6786_cov_6.642698_8	UniRef100_A4XLS1~K02961	66.7	81	27	0	5	85	6	86	1.2e-22	110.5
12661ΩNODE_95_length_6786_cov_6.642698_9	UniRef100_G2SKT5~K02874	73.8	122	32	0	1	122	1	122	1.6e-44	183.7
12661ΩNODE_95_length_6786_cov_6.642698_10	UniRef100_C8W3Z6~K02895	55.8	104	46	0	5	108	3	106	2.6e-30	136.3
12661ΩNODE_95_length_6786_cov_6.642698_11	UniRef100_R7A1C7~K02931	62.0	179	68	0	1	179	1	179	4.2e-62	242.7
12661ΩNODE_95_length_6786_cov_6.642698_12	UniRef100_E6SKY7~K02954	60.7	61	24	0	1	61	1	61	4.2e-14	81.6
12661ΩNODE_95_length_6786_cov_6.642698_13	UniRef100_A0A0X8D5W4~K02994	69.5	131	39	1	3	132	2	132	1.7e-44	183.7
12661ΩNODE_2157_length_1421_cov_5.440703_1	UniRef100_D4ZI54~K03601	48.3	267	135	2	7	273	5	268	2.6e-64	250.8
12661ΩNODE_2157_length_1421_cov_5.440703_2	UniRef100_A0A101FG20~K03625	47.6	126	66	0	4	129	3	128	1.9e-25	120.6
12661ΩNODE_153_length_5416_cov_5.037680_1	UniRef100_D5MJU0~K07403	49.2	181	91	1	1	181	23	202	1.4e-39	167.9
12661ΩNODE_153_length_5416_cov_5.037680_2	UniRef100_A7RZ15~K17286	52.0	244	111	2	14	255	42	281	6.2e-59	232.6
12661ΩNODE_153_length_5416_cov_5.037680_3	UniRef100_A0A0P9DPP9~K08303	50.0	78	38	1	6	83	8	84	2.0e-14	83.2
12661ΩNODE_153_length_5416_cov_5.037680_5	UniRef100_Q1MSF1~K03309	50.1	391	189	4	6	393	13	400	8.3e-95	352.4
12661ΩNODE_153_length_5416_cov_5.037680_6	UniRef100_U5CQK5~K01779	54.1	231	100	2	2	229	4	231	2.4e-62	243.8
12661ΩNODE_641_length_2595_cov_3.440551_1	UniRef100_I4C3R6~K07713	49.6	454	212	2	3	442	7	457	2.7e-115	420.6
12661ΩNODE_641_length_2595_cov_3.440551_2	UniRef100_A0A1L3GCC4~K07708	31.2	353	233	2	20	362	14	366	1.4e-40	172.2
12661ΩNODE_160_length_5274_cov_4.009964_1	UniRef100_D9RYI2~K03701	63.4	784	285	2	1	784	156	937	2.4e-295	1019.6
12661ΩNODE_160_length_5274_cov_4.009964_2	UniRef100_A3DC68~K03702	64.5	665	218	3	3	658	2	657	1.2e-242	844.3
12661ΩNODE_787_length_2334_cov_6.179465_1	UniRef100_A0A0P9DVQ3~K04069	50.6	231	112	1	4	232	2	232	3.1e-65	253.4
12661ΩNODE_93_length_6924_cov_6.733149_1	UniRef100_A5D0U0~K01890	39.5	574	333	7	2	572	104	666	7.9e-107	392.9
12661ΩNODE_7320_length_761_cov_6.654391_1	UniRef100_A0A0L6W1F4~K01056	48.9	182	90	2	1	182	1	179	1.5e-43	181.0
12661ΩNODE_2553_length_1306_cov_6.030376_1	UniRef100_D9S325~K08316	46.1	180	96	1	1	180	1	179	3.5e-35	153.3
12661ΩNODE_2553_length_1306_cov_6.030376_2	UniRef100_B9MRM3~K00954	63.7	135	49	0	1	135	1	135	2.3e-44	183.3
12661ΩNODE_324_length_3667_cov_5.224529_2	UniRef100_F7V8T8~K03637	66.7	156	52	0	6	161	3	158	1.9e-50	203.8
12661ΩNODE_324_length_3667_cov_5.224529_3	UniRef100_A0A1S6IY44~K03639	50.9	338	150	5	11	345	1	325	3.2e-87	327.0
12661ΩNODE_809_length_2303_cov_5.162367_2	UniRef100_A0A120IYU8~K06877	33.0	485	305	8	36	510	20	494	8.2e-66	256.5
12661ΩNODE_471_length_3024_cov_9.083530_1	UniRef100_L0K8X4~K03498	55.8	471	207	1	1	471	1	470	2.9e-147	526.9
12661ΩNODE_471_length_3024_cov_9.083530_2	UniRef100_F6B788~K03499	47.1	450	235	3	4	451	1	449	2.2e-112	411.0
12661ΩNODE_345_length_3520_cov_5.998268_2	UniRef100_A0A1D8GBV0~K03685	49.6	228	115	0	5	232	8	235	1.5e-56	224.6
12661ΩNODE_345_length_3520_cov_5.998268_3	UniRef100_A0A1D8GBU9~K09458	63.7	413	150	0	1	413	1	413	7.7e-152	542.0
12661ΩNODE_345_length_3520_cov_5.998268_4	UniRef100_D9S343~K02078	77.8	72	16	0	1	72	1	72	7.9e-23	110.9
12661ΩNODE_2525_length_1313_cov_3.631955_1	UniRef100_R4KIR7~K01926	50.0	210	101	1	1	210	1	206	3.2e-53	213.4
12661ΩNODE_188_length_4888_cov_6.096214_1	UniRef100_E4TJQ2~K07164	35.1	239	146	3	1	236	1	233	2.6e-11	74.3
12661ΩNODE_188_length_4888_cov_6.096214_3	UniRef100_A8MH28~K03438	51.0	314	142	3	2	306	1	311	1.6e-77	294.7
12661ΩNODE_188_length_4888_cov_6.096214_5	UniRef100_D8PBB3~K03587	44.7	515	280	5	18	529	18	530	1.8e-113	414.8
12661ΩNODE_808_length_2305_cov_7.181778_2	UniRef100_D7ATN7~K02123	36.3	670	388	10	1	661	1	640	1.7e-113	415.2
12661ΩNODE_276_length_4014_cov_7.041930_2	UniRef100_D9QVG4~K01879	44.5	560	308	2	4	563	137	693	3.4e-134	483.8
12661ΩNODE_3611_length_1100_cov_3.201914_1	UniRef100_A3DE02~K17828	47.0	300	157	2	2	300	4	302	5.9e-77	292.7
12661ΩNODE_1915_length_1504_cov_5.713596_2	UniRef100_Q8U373~K00609	52.8	303	143	0	3	305	4	306	2.1e-85	320.9
12661ΩNODE_3797_length_1069_cov_5.424063_1	UniRef100_Q3A4F6~K03561	50.8	197	97	0	1	197	1	197	1.7e-44	184.5
12661ΩNODE_3797_length_1069_cov_5.424063_2	UniRef100_D4H776~K03559	49.2	118	59	1	7	124	9	125	1.0e-19	101.3
12661ΩNODE_668_length_2548_cov_5.008022_5	UniRef100_C8VVL0~K06966	62.4	149	55	1	1	149	11	158	5.2e-43	179.1
12661ΩNODE_4773_length_947_cov_6.205157_2	UniRef100_A4J9Q5~K02990	47.3	91	48	0	1	91	1	91	1.2e-16	90.9
12661ΩNODE_1489_length_1703_cov_3.771238_1	UniRef100_W6RXC3~K01358	70.8	154	45	0	1	154	1	154	8.5e-56	221.5
12661ΩNODE_1489_length_1703_cov_3.771238_2	UniRef100_B8CY75~K03545	39.2	395	239	1	4	397	28	422	4.6e-72	276.9
12661ΩNODE_362_length_3456_cov_3.494266_3	UniRef100_A0A0S3QS04~K06974	46.4	168	87	2	19	184	6	172	6.6e-39	165.6
12661ΩNODE_362_length_3456_cov_3.494266_4	UniRef100_D9S3H1~K06168	51.1	438	211	2	34	469	3	439	1.4e-125	454.9
12661ΩNODE_362_length_3456_cov_3.494266_5	UniRef100_A0A0H3NWG2~K00791	39.2	153	92	1	11	163	13	164	6.4e-25	119.0
12661ΩNODE_604_length_2663_cov_7.078604_1	UniRef100_A0A0M4DGQ4~K05772	59.4	254	101	1	15	266	14	267	9.4e-79	298.5
12661ΩNODE_604_length_2663_cov_7.078604_2	UniRef100_R4KKS0~K10563	46.1	280	143	3	1	278	1	274	3.7e-65	253.4
12661ΩNODE_604_length_2663_cov_7.078604_3	UniRef100_F8C5I6~K07025	44.9	207	109	3	7	209	6	211	9.3e-43	178.7
12661ΩNODE_1803_length_1543_cov_5.885753_1	UniRef100_D5HE42~K03043	39.8	465	254	5	12	473	19	460	9.5e-90	335.9
12661ΩNODE_205_length_4743_cov_5.252560_1	UniRef100_L0IHA0~K06173	49.6	248	121	2	1	248	5	248	3.2e-60	236.9
12661ΩNODE_205_length_4743_cov_5.252560_2	UniRef100_D3T4M1~K02871	62.4	141	53	0	1	141	1	141	2.3e-47	193.4
12661ΩNODE_205_length_4743_cov_5.252560_3	UniRef100_B3EA21~K02996	63.1	130	48	0	1	130	1	130	3.6e-39	166.0
12661ΩNODE_205_length_4743_cov_5.252560_4	UniRef100_D9RY16~K21898	52.7	349	165	0	5	353	4	352	4.3e-95	353.2
12661ΩNODE_205_length_4743_cov_5.252560_5	UniRef100_I0ANU8~K00611	58.4	310	129	0	1	310	1	310	1.7e-103	380.9
12661ΩNODE_444_length_3110_cov_7.588216_3	UniRef100_A0A110AWJ3~K01937	62.8	277	101	1	1	277	1	275	2.3e-96	357.1
12661ΩNODE_368_length_3450_cov_6.055376_1	UniRef100_F6BKA8~K03531	57.2	334	141	1	52	383	7	340	2.4e-99	367.5
12661ΩNODE_368_length_3450_cov_6.055376_2	UniRef100_D9S1A6~K03496	45.2	259	133	4	2	259	3	253	2.7e-57	227.3
12661ΩNODE_99_length_6690_cov_6.317257_1	UniRef100_A0A1C7EB91~K03699	30.7	336	215	6	12	331	8	341	7.2e-36	156.4
12661ΩNODE_99_length_6690_cov_6.317257_2	UniRef100_A0PYY8~K03699	45.6	428	215	6	3	425	5	419	9.7e-89	332.4
12661ΩNODE_99_length_6690_cov_6.317257_4	UniRef100_B2A1X7~K07037	42.8	615	337	7	9	614	98	706	8.2e-132	476.1
12661ΩNODE_99_length_6690_cov_6.317257_5	UniRef100_S5QYJ0~K06217	59.6	235	95	0	1	235	14	248	5.9e-72	275.8
12661ΩNODE_599_length_2671_cov_5.977829_2	UniRef100_A0A1D8GBG8~K02600	63.1	347	126	2	1	347	1	345	2.6e-119	433.7
12661ΩNODE_2225_length_1403_cov_3.714392_2	UniRef100_I2EYV9~K00332	35.7	157	88	4	1	146	1	155	8.8e-16	88.6
12661ΩNODE_47_length_10533_cov_5.613953_3	UniRef100_A0A0P0N4A9~K01843	57.0	611	255	4	1	609	37	641	2.9e-208	729.9
12661ΩNODE_47_length_10533_cov_5.613953_4	UniRef100_Q891R4~K01746	46.1	204	110	0	1	204	1	204	5.9e-36	156.0
12661ΩNODE_47_length_10533_cov_5.613953_6	UniRef100_K4L374~K03522	54.0	391	177	3	8	396	7	396	8.0e-106	389.0
12661ΩNODE_47_length_10533_cov_5.613953_7	UniRef100_A0A075KFM0~K03521	54.0	263	118	3	1	261	1	262	1.9e-76	290.8
12661ΩNODE_47_length_10533_cov_5.613953_8	UniRef100_L0KC24~K02836	60.0	330	132	0	18	347	33	362	6.5e-112	409.1
12661ΩNODE_47_length_10533_cov_5.613953_9	UniRef100_F4LX21~K03070	61.4	849	315	2	1	849	1	836	1.6e-300	1036.9
12661ΩNODE_1743_length_1570_cov_4.939274_2	UniRef100_K0AXM8~K00099	50.9	348	170	1	6	353	36	382	3.8e-99	366.7
12661ΩNODE_232_length_4439_cov_4.076870_2	UniRef100_D7CJY3~K03544	63.4	404	138	3	1	404	12	405	6.3e-146	522.3
12661ΩNODE_232_length_4439_cov_4.076870_3	UniRef100_Q3AF91~K01338	59.0	765	313	1	16	780	6	769	7.4e-257	891.7
12661ΩNODE_5761_length_860_cov_4.777640_1	UniRef100_A0A0L6W446~K02825	65.7	178	61	0	1	178	1	178	2.3e-60	236.9
12661ΩNODE_194_length_4847_cov_8.733306_1	UniRef100_A0A1B2I6H9~K03217	42.4	271	121	7	1	250	1	257	3.2e-42	177.2
12661ΩNODE_194_length_4847_cov_8.733306_2	UniRef100_G2LGX3~K02914	77.8	45	10	0	1	45	1	45	2.8e-10	68.6
12661ΩNODE_194_length_4847_cov_8.733306_3	UniRef100_D9QS97~K02313	58.6	452	176	5	2	449	5	449	7.3e-140	502.3
12661ΩNODE_194_length_4847_cov_8.733306_4	UniRef100_I4A3G9~K02338	38.0	368	204	7	1	366	1	346	7.9e-60	236.1
12661ΩNODE_135_length_5642_cov_4.608377_1	UniRef100_Q2LU54~K03980	43.7	520	288	3	26	542	9	526	2.6e-99	367.9
12661ΩNODE_135_length_5642_cov_4.608377_2	UniRef100_Q3AF13~K03596	64.9	593	208	0	12	604	8	600	8.6e-229	798.1
12661ΩNODE_69_length_7915_cov_6.387150_1	UniRef100_B8CVY5~K00756	61.7	410	154	1	1	407	1	410	2.4e-134	483.8
12661ΩNODE_69_length_7915_cov_6.387150_3	UniRef100_Q93NB7~K15987	58.3	271	102	3	57	316	1	271	2.9e-74	283.9
12661ΩNODE_69_length_7915_cov_6.387150_4	UniRef100_A0A0S6UF14~K01006	65.6	879	302	0	2	880	27	905	0.0e+00	1188.3
12661ΩNODE_69_length_7915_cov_6.387150_5	UniRef100_R7PPF2~K09773	48.3	174	90	0	22	195	1	174	5.3e-42	176.0
12661ΩNODE_5851_length_854_cov_6.188986_1	UniRef100_B8D4N1~K03519	42.4	278	156	3	2	279	19	292	3.1e-48	197.2
12661ΩNODE_286_length_3938_cov_5.751738_1	UniRef100_A7I6Y0~K03709	42.2	135	78	0	3	137	5	139	9.7e-25	118.2
12661ΩNODE_286_length_3938_cov_5.751738_2	UniRef100_D7CNN4~K04758	43.7	71	40	0	4	74	15	85	1.2e-10	70.5
12661ΩNODE_286_length_3938_cov_5.751738_3	UniRef100_B5YFQ7~K04759	50.8	634	306	5	1	633	1	629	5.6e-162	576.2
12661ΩNODE_286_length_3938_cov_5.751738_4	UniRef100_B5YHR9~K03711	48.9	141	71	1	15	155	11	150	7.3e-34	148.7
12661ΩNODE_5653_length_870_cov_3.423313_1	UniRef100_X5DDS1~K09793	44.2	154	85	1	1	154	1	153	1.9e-29	134.0
12661ΩNODE_1320_length_1802_cov_6.103034_1	UniRef100_D5XDQ5~K02314	60.1	393	156	1	3	394	50	442	2.4e-134	483.8
12661ΩNODE_1206_length_1887_cov_5.415939_1	UniRef100_A5D414~K09710	49.5	111	56	0	4	114	4	114	1.1e-23	114.4
12661ΩNODE_1206_length_1887_cov_5.415939_3	UniRef100_L0K8I6~K07027	33.9	327	212	3	3	328	12	335	4.2e-39	167.2
12661ΩNODE_282_length_3967_cov_5.353528_1	UniRef100_I6ZU47~K01887	43.0	344	190	2	3	346	77	414	3.7e-75	287.0
12661ΩNODE_282_length_3967_cov_5.353528_2	UniRef100_D5XCA1~K06958	52.7	296	139	1	1	295	1	296	4.9e-84	316.2
12661ΩNODE_3678_length_1088_cov_4.032914_1	UniRef100_D5XDU1~K03496	66.0	250	85	0	1	250	1	250	2.2e-93	347.1
12661ΩNODE_201_length_4806_cov_4.592086_5	UniRef100_D7EBS9~K06897	47.4	230	109	2	1	230	1	218	2.5e-59	233.8
12661ΩNODE_201_length_4806_cov_4.592086_6	UniRef100_R9T7N0~K03593	52.1	259	124	0	27	285	16	274	1.4e-75	288.1
12661ΩNODE_9388_length_670_cov_4.621138_1	UniRef100_A0A0H3JBL5~K07250	43.0	121	69	0	13	133	1	121	5.5e-22	109.0
12661ΩNODE_1531_length_1676_cov_3.205429_1	UniRef100_K4LJ99~K03738	42.5	120	60	6	1	119	20	131	1.2e-10	71.2
12661ΩNODE_1531_length_1676_cov_3.205429_3	UniRef100_D9S304~K10206	62.8	331	123	0	1	331	54	384	2.2e-125	453.8
12661ΩNODE_312_length_3764_cov_3.992720_2	UniRef100_D9QVJ5~K03688	47.9	557	288	2	3	559	4	558	1.7e-149	534.6
12661ΩNODE_1166_length_1919_cov_3.119099_2	UniRef100_A0A0N8PWX6~K03738	46.2	130	70	0	4	133	4	133	1.7e-24	117.5
12661ΩNODE_58_length_8975_cov_5.621637_2	UniRef100_G7V7I0~K01572	70.5	373	109	1	1	372	1	373	3.4e-135	486.5
12661ΩNODE_58_length_8975_cov_5.621637_3	UniRef100_A0A0K1F7E0~K17490	35.1	131	70	1	3	133	2	117	9.0e-09	65.1
12661ΩNODE_58_length_8975_cov_5.621637_5	UniRef100_D3PDM3~K01966	65.9	510	174	0	1	510	5	514	4.6e-199	699.1
12661ΩNODE_58_length_8975_cov_5.621637_6	UniRef100_A0A0E3JSJ1~K07588	63.4	262	94	2	2	261	45	306	1.2e-84	318.2
12661ΩNODE_58_length_8975_cov_5.621637_7	UniRef100_D9RZ11~K01848	78.5	557	120	0	1	557	1	557	1.5e-251	873.6
12661ΩNODE_581_length_2728_cov_3.157501_2	UniRef100_A0A0F2KT12~K02010	36.1	341	205	4	10	337	30	370	6.4e-59	233.0
12661ΩNODE_581_length_2728_cov_3.157501_3	UniRef100_A8ZS05~K02050	67.1	249	82	0	5	253	3	251	5.4e-92	342.4
12661ΩNODE_386_length_3333_cov_3.584503_1	UniRef100_C8W3B2~K03324	36.1	457	292	0	2	458	80	536	7.6e-76	289.7
12661ΩNODE_386_length_3333_cov_3.584503_2	UniRef100_F5YMA2~K06606	47.0	285	142	2	1	276	1	285	6.4e-65	252.7
12661ΩNODE_223_length_4524_cov_5.865070_1	UniRef100_U6EXY2~K02118	64.9	168	59	0	1	168	1	168	1.8e-59	233.8
12661ΩNODE_223_length_4524_cov_5.865070_2	UniRef100_F4LR50~K02117	65.7	583	198	1	1	583	1	581	8.4e-229	798.1
12661ΩNODE_223_length_4524_cov_5.865070_3	UniRef100_F4LR51~K02122	46.4	110	59	0	1	110	1	110	4.6e-19	99.0
12661ΩNODE_223_length_4524_cov_5.865070_4	UniRef100_U6ETY6~K02119	38.0	329	204	0	14	342	5	333	1.2e-62	245.4
12661ΩNODE_223_length_4524_cov_5.865070_5	UniRef100_A7FWR0~K02121	45.4	196	107	0	3	198	4	199	1.0e-21	108.6
12661ΩNODE_1154_length_1927_cov_3.811966_1	UniRef100_B2AI12~K12960	30.8	234	147	7	22	243	1	231	6.8e-16	89.7
12661ΩNODE_119_length_5961_cov_5.231121_1	UniRef100_A2C730~K00975	42.3	246	131	5	1	236	1	245	2.7e-38	164.1
12661ΩNODE_119_length_5961_cov_5.231121_2	UniRef100_A6TQM3~K01159	55.1	156	70	0	1	156	1	156	1.2e-44	184.5
12661ΩNODE_119_length_5961_cov_5.231121_3	UniRef100_T0I5J9~K03550	37.1	197	120	3	1	196	1	194	2.1e-30	137.5
12661ΩNODE_119_length_5961_cov_5.231121_4	UniRef100_I9NXX1~K06381	33.4	455	256	13	26	462	19	444	1.3e-51	209.1
12661ΩNODE_119_length_5961_cov_5.231121_5	UniRef100_D9TP93~K07568	55.4	343	150	3	1	342	1	341	2.1e-102	377.5
12661ΩNODE_946_length_2126_cov_4.966200_2	UniRef100_D5XAG3~K18672	49.8	255	124	2	1	254	18	269	3.6e-59	233.4
12661ΩNODE_557_length_2787_cov_5.913982_2	UniRef100_B7IDL6~K07560	64.6	147	52	0	1	147	1	147	2.3e-50	203.4
12661ΩNODE_2050_length_1452_cov_5.904796_1	UniRef100_A0A124FK22~K05919	50.0	84	42	0	6	89	2	85	1.5e-18	97.1
12661ΩNODE_252_length_4232_cov_5.385444_2	UniRef100_J9UFM2~K03110	34.6	130	85	0	14	143	1	130	6.4e-21	105.5
12661ΩNODE_252_length_4232_cov_5.385444_3	UniRef100_B8CW17~K03106	54.2	430	192	1	1	430	2	426	4.8e-128	463.0
12661ΩNODE_252_length_4232_cov_5.385444_5	UniRef100_F8E4N5~K06960	56.8	74	32	0	1	74	1	74	1.0e-17	94.0
12661ΩNODE_475_length_3013_cov_4.859026_1	UniRef100_F4LVM1~K01783	55.9	211	93	0	4	214	3	213	2.9e-65	253.4
12661ΩNODE_475_length_3013_cov_4.859026_2	UniRef100_A5D1U6~K03977	50.6	441	209	3	6	442	3	438	4.0e-114	416.8
12661ΩNODE_475_length_3013_cov_4.859026_3	UniRef100_D9QPY1~K08591	41.1	202	118	1	4	204	5	206	3.6e-33	146.7
12661ΩNODE_3189_length_1176_cov_3.020517_2	UniRef100_A0A1S3LH19~K01251	36.6	191	117	3	1	189	26	214	9.0e-23	112.1
12661ΩNODE_5264_length_902_cov_8.600945_1	UniRef100_I6Z842~K03783	60.9	243	95	0	8	250	8	250	3.8e-82	309.7
12661ΩNODE_2237_length_1399_cov_4.366071_1	UniRef100_A0A249KB14~K02238	30.1	472	286	14	13	466	84	529	3.5e-28	131.3
12661ΩNODE_565_length_2756_cov_6.094039_1	UniRef100_A0A142M014~K02520	51.9	79	38	0	1	79	1	79	1.4e-17	93.6
12661ΩNODE_565_length_2756_cov_6.094039_2	UniRef100_F3ZZZ6~K02916	73.4	64	17	0	1	64	1	64	9.7e-17	90.5
12661ΩNODE_565_length_2756_cov_6.094039_3	UniRef100_B1I4I8~K02887	67.5	117	38	0	1	117	1	117	5.2e-37	158.7
12661ΩNODE_565_length_2756_cov_6.094039_4	UniRef100_W9EE97~K01889	59.6	339	137	0	1	339	1	339	1.2e-115	421.4
12661ΩNODE_1845_length_1527_cov_3.415761_1	UniRef100_H2IBF2~K16841	37.6	226	137	2	1	222	1	226	5.4e-35	152.9
12661ΩNODE_1845_length_1527_cov_3.415761_2	UniRef100_A0A0E3SQ95~K01744	44.9	234	129	0	5	238	1	234	4.2e-52	209.9
12661ΩNODE_6688_length_796_cov_6.454791_1	UniRef100_A0A1S3X2H3~K00873	38.1	202	120	4	3	199	21	222	8.5e-32	142.1
12661ΩNODE_78_length_7652_cov_7.473740_2	UniRef100_A0A1D8GQN7~K00929	64.4	357	127	0	1	357	1	357	3.2e-130	469.9
12661ΩNODE_78_length_7652_cov_7.473740_3	UniRef100_E3DMZ3~K00174	65.5	351	120	1	1	351	1	350	7.5e-124	448.7
12661ΩNODE_78_length_7652_cov_7.473740_4	UniRef100_B8CVW7~K00175	71.3	247	71	0	1	247	2	248	3.9e-103	379.4
12661ΩNODE_78_length_7652_cov_7.473740_5	UniRef100_D5X7F5~K00177	59.2	179	73	0	1	179	1	179	1.9e-54	217.2
12661ΩNODE_78_length_7652_cov_7.473740_6	UniRef100_L0K860~K01258	51.2	371	180	1	2	372	1	370	1.5e-101	374.8
12661ΩNODE_78_length_7652_cov_7.473740_7	UniRef100_Q8RAB3~K01515	51.2	168	82	0	8	175	4	171	3.3e-43	179.9
12661ΩNODE_7437_length_756_cov_2.325250_2	UniRef100_D5EEG0~K02120	54.2	203	93	0	3	205	4	206	7.9e-49	198.7
12661ΩNODE_1254_length_1845_cov_5.717877_2	UniRef100_D5X9P7~K04567	58.7	467	185	4	7	471	7	467	2.2e-155	553.9
12661ΩNODE_781_length_2341_cov_5.673666_1	UniRef100_A0A0K1PGJ9~K17686	32.2	543	304	9	4	506	10	528	3.6e-66	257.7
12661ΩNODE_781_length_2341_cov_5.673666_2	UniRef100_A0A1S6WVW3~K00873	42.8	194	111	0	1	194	6	199	4.3e-36	156.4
12661ΩNODE_1363_length_1770_cov_3.596501_4	UniRef100_K9QVN8~K07171	39.3	112	66	2	3	113	4	114	1.1e-12	77.8
12661ΩNODE_65_length_8228_cov_6.037807_1	UniRef100_F7V1Q4~K01486	40.3	290	160	7	26	303	2	290	2.2e-47	194.5
12661ΩNODE_65_length_8228_cov_6.037807_2	UniRef100_Q8RBE5~K00859	48.3	176	84	1	5	180	24	192	3.2e-36	156.8
12661ΩNODE_65_length_8228_cov_6.037807_4	UniRef100_D5XA39~K02337	53.7	978	421	7	1	975	187	1135	1.1e-297	1027.7
12661ΩNODE_206_length_4733_cov_6.685763_1	UniRef100_Q5L0K2~K02967	72.1	226	63	0	1	226	1	226	3.7e-90	336.3
12661ΩNODE_206_length_4733_cov_6.685763_2	UniRef100_L0ILB7~K02357	61.9	197	75	0	3	199	2	198	1.1e-60	238.0
12661ΩNODE_206_length_4733_cov_6.685763_3	UniRef100_Q3AB79~K09903	67.9	240	76	1	1	239	1	240	3.5e-88	329.7
12661ΩNODE_206_length_4733_cov_6.685763_4	UniRef100_V5WHS8~K02838	59.2	184	75	0	2	185	1	184	1.4e-52	211.1
12661ΩNODE_206_length_4733_cov_6.685763_6	UniRef100_F6DU61~K00806	52.6	234	111	0	11	244	25	258	3.0e-71	273.5
12661ΩNODE_206_length_4733_cov_6.685763_7	UniRef100_D9QRH2~K00981	38.4	268	153	4	10	265	4	271	7.5e-39	166.0
12661ΩNODE_2207_length_1408_cov_4.209165_1	UniRef100_F2I0C6~K03601	38.1	231	141	2	22	252	19	247	1.5e-33	148.3
12661ΩNODE_2207_length_1408_cov_4.209165_2	UniRef100_A0A098FFX0~K03602	38.5	78	45	1	6	83	3	77	2.5e-07	59.7
12661ΩNODE_112_length_6215_cov_6.980032_1	UniRef100_D4MLJ1~K03043	64.0	598	195	2	25	602	1	598	6.9e-221	771.9
12661ΩNODE_1148_length_1931_cov_4.804904_1	UniRef100_F4LRC2~K00760	62.9	178	65	1	4	180	3	180	1.3e-58	231.1
12661ΩNODE_1148_length_1931_cov_4.804904_2	UniRef100_L0K7P5~K04075	40.7	418	236	3	1	418	58	463	1.0e-82	312.4
12661ΩNODE_334_length_3588_cov_5.062270_1	UniRef100_D9QV94~K07403	46.0	422	225	2	20	439	16	436	7.8e-94	349.4
12661ΩNODE_334_length_3588_cov_5.062270_2	UniRef100_A0A1D9FQF7~K02970	65.5	55	19	0	1	55	1	55	8.1e-13	77.4
12661ΩNODE_334_length_3588_cov_5.062270_3	UniRef100_D9S360~K07533	36.8	280	153	4	38	316	34	290	2.8e-40	171.0
12661ΩNODE_2160_length_1420_cov_5.007326_1	UniRef100_F4LVC0~K01678	75.8	178	43	0	5	182	6	183	1.0e-71	274.6
12661ΩNODE_2160_length_1420_cov_5.007326_2	UniRef100_A0A0B6TPI1~K00027	48.0	252	129	2	29	280	1	250	3.0e-59	233.8
12661ΩNODE_127_length_5761_cov_7.077287_2	UniRef100_D5X9R0~K03696	64.6	772	271	1	1	772	37	806	7.6e-286	988.0
12661ΩNODE_127_length_5761_cov_7.077287_3	UniRef100_F3ZYQ7~K19411	42.9	175	94	2	1	169	1	175	2.6e-32	143.7
12661ΩNODE_127_length_5761_cov_7.077287_4	UniRef100_A0A031WF24~K21600	46.0	87	45	1	10	94	11	97	7.7e-15	84.7
12661ΩNODE_127_length_5761_cov_7.077287_5	UniRef100_A0A0G2Z8T3~K09122	44.4	160	80	5	15	169	1	156	5.2e-25	119.4
12661ΩNODE_836_length_2271_cov_5.633123_2	UniRef100_U6F1C0~K02876	65.3	147	50	1	1	147	1	146	9.0e-47	191.4
12661ΩNODE_836_length_2271_cov_5.633123_3	UniRef100_A0A117LBX4~K02988	61.3	163	63	0	3	165	2	164	1.9e-46	190.7
12661ΩNODE_836_length_2271_cov_5.633123_4	UniRef100_L0EBK1~K02881	59.5	121	49	0	1	121	2	122	7.7e-36	154.8
12661ΩNODE_224_length_4520_cov_6.076596_2	UniRef100_A3DEE6~K01491	53.4	281	125	3	3	282	4	279	3.5e-79	300.1
12661ΩNODE_224_length_4520_cov_6.076596_3	UniRef100_F6B564~K07736	45.5	154	83	1	1	154	1	153	8.0e-31	138.7
12661ΩNODE_224_length_4520_cov_6.076596_4	UniRef100_B5YEC8~K10823	61.3	323	120	3	2	319	7	329	8.9e-108	395.2
12661ΩNODE_224_length_4520_cov_6.076596_5	UniRef100_Q67KI9~K15583	67.0	318	105	0	4	321	13	330	2.8e-117	426.8
12661ΩNODE_649_length_2577_cov_8.414750_1	UniRef100_B8CWJ5~K03588	53.6	364	168	1	4	367	3	365	1.1e-101	375.2
12661ΩNODE_649_length_2577_cov_8.414750_2	UniRef100_G8LZ51~K02563	48.4	345	175	2	3	346	1	343	8.8e-85	318.9
12661ΩNODE_6876_length_784_cov_2.046639_1	UniRef100_B1L5F0~K02032	58.8	260	103	3	1	257	33	291	1.2e-81	308.1
12661ΩNODE_377_length_3382_cov_8.564472_1	UniRef100_D5X8W4~K02343	40.7	531	282	6	1	509	1	520	3.2e-116	424.1
12661ΩNODE_377_length_3382_cov_8.564472_2	UniRef100_D9QSP5~K09747	58.8	102	42	0	1	102	1	102	1.4e-25	120.6
12661ΩNODE_377_length_3382_cov_8.564472_3	UniRef100_A0A0L6W049~K06187	61.9	168	64	0	5	172	3	170	2.9e-57	226.5
12661ΩNODE_768_length_2368_cov_4.120623_2	UniRef100_I9NWW0~K00655	44.8	194	97	2	3	196	2	185	3.1e-37	160.2
12661ΩNODE_602_length_2666_cov_5.475297_1	UniRef100_B0BTW2~K07462	33.3	418	254	9	1	399	69	480	8.4e-55	219.5
12661ΩNODE_602_length_2666_cov_5.475297_2	UniRef100_G7V8Q7~K03074	46.8	282	150	0	5	286	4	285	3.8e-63	246.9
12661ΩNODE_481_length_2983_cov_3.491803_3	UniRef100_J7IWR8~K03523	57.1	168	72	0	6	173	8	175	1.6e-42	177.6
12661ΩNODE_481_length_2983_cov_3.491803_4	UniRef100_F4LQP0~K03524	46.4	319	164	3	3	319	15	328	7.2e-73	279.3
12661ΩNODE_244_length_4374_cov_4.088446_2	UniRef100_B1L3L9~K01470	55.9	213	91	2	25	236	1	211	8.2e-69	265.4
12661ΩNODE_244_length_4374_cov_4.088446_3	UniRef100_I4ACN1~K01996	52.6	234	111	0	1	234	1	234	3.3e-67	260.0
12661ΩNODE_244_length_4374_cov_4.088446_4	UniRef100_W0JD62~K01995	52.3	237	111	1	6	240	1	237	1.3e-61	241.5
12661ΩNODE_244_length_4374_cov_4.088446_5	UniRef100_A8F6A2~K01998	43.9	303	166	2	22	321	15	316	8.2e-64	249.2
12661ΩNODE_244_length_4374_cov_4.088446_6	UniRef100_A0A0D5N2Z4~K01997	43.0	284	162	0	1	284	1	284	6.5e-57	226.1
