,contigName,contigLen,totalAvgDepth,QC/reads/DRR310871_R1.fastq.gz,QC/reads/DRR310872_R1.fastq.gz,QC/reads/DRR310873_R1.fastq.gz,QC/reads/DRR310874_R1.fastq.gz,QC/reads/DRR310875_R1.fastq.gz,QC/reads/DRR310876_R1.fastq.gz,QC/reads/DRR310877_R1.fastq.gz,QC/reads/DRR310878_R1.fastq.gz,QC/reads/DRR310879_R1.fastq.gz,QC/reads/DRR310880_R1.fastq.gz,QC/reads/DRR310881_R1.fastq.gz,QC/reads/DRR310882_R1.fastq.gz
55,NODE_56_length_22573_cov_6.604006,22573,13.117328234674796,0.0,0.0,2.824561403508772,0.0,0.0,0.0,0.0,0.0,0.0,1.943661971830986,0.5882352941176471,7.760869565217392
58,NODE_59_length_19734_cov_6.142690,19734,10.740124097065229,0.0,0.0,1.5,0.0,0.0,0.0,0.0,0.0,0.2692307692307692,1.6071428571428572,0.3870967741935484,6.976653696498055
61,NODE_62_length_18557_cov_6.303048,18557,8.609929078014185,0.0,0.0,0.0,0.0,0.0,0.0,0.0,0.0,0.0,1.3333333333333333,0.0,7.276595744680851
62,NODE_63_length_18550_cov_6.080941,18550,9.992092333132767,0.0,0.0,0.9166666666666666,0.0,0.0,0.0,0.0,0.0,0.2162162162162162,1.12,0.3870967741935484,7.352112676056338
64,NODE_65_length_18181_cov_6.049211,18181,11.029776631750316,0.0,0.0,1.6875,0.0,0.0,0.0,0.0,0.0,0.2962962962962963,0.967032967032967,0.7368421052631579,7.342105263157895
66,NODE_67_length_17735_cov_5.609955,17735,9.14515455304929,0.0,0.0,0.8571428571428571,0.0,0.0,0.0,0.0,0.0,0.0,1.3157894736842106,0.0,6.972222222222222
70,NODE_71_length_16654_cov_6.557925,16654,8.791142343520184,0.0,0.0,0.0,0.0,0.0,0.0,0.0,0.0,0.0,1.2413793103448276,0.0,7.549763033175355
75,NODE_76_length_15726_cov_5.818263,15726,8.05847308031774,0.0,0.0,0.0,0.0,0.0,0.0,0.0,0.0,0.0,1.068181818181818,0.0,6.990291262135922
76,NODE_77_length_15603_cov_5.412400,15603,6.461956521739131,0.0,0.0,0.0,0.0,0.0,0.0,0.0,0.0,0.0,0.0,0.0,6.461956521739131
77,NODE_78_length_15519_cov_6.357993,15519,9.830759068740557,0.0,0.0,0.0,0.0,0.0,0.0,0.0,0.0,0.0,1.5757575757575757,0.8235294117647058,7.431472081218274
79,NODE_80_length_15353_cov_6.402732,15353,8.639245019765909,0.0,0.0,0.0,0.0,0.0,0.0,0.0,0.0,0.2105263157894736,1.1142857142857143,0.0,7.314432989690721
80,NODE_81_length_15322_cov_6.053842,15322,9.328106570457226,0.0,0.0,1.0,0.0,0.0,0.0,0.0,0.0,0.0,1.2394366197183098,0.0,7.088669950738916
84,NODE_85_length_13963_cov_5.709088,13963,12.174186843521436,0.0,0.0,2.5510204081632653,0.0,0.0,0.8235294117647058,0.0,0.0,0.0,2.1206896551724137,0.0,6.678947368421053
85,NODE_86_length_13942_cov_6.070570,13942,9.322825480734258,0.0,0.0,1.3636363636363635,0.0,0.0,0.0,0.0,0.0,0.0,1.173913043478261,0.0,6.785276073619632
87,NODE_88_length_13693_cov_5.630811,13693,7.281129653401797,0.0,0.0,0.0,0.0,0.0,0.0,0.0,0.0,0.0,0.8421052631578947,0.0,6.439024390243903
89,NODE_90_length_13525_cov_5.984039,13525,8.792709359605912,0.0,0.0,0.0,0.0,0.0,0.0,0.0,0.0,0.0,1.7241379310344829,0.0,7.0685714285714285
102,NODE_103_length_12506_cov_6.051000,12506,7.74016929176042,0.0,0.0,0.0,0.0,0.0,0.0,0.0,0.0,0.0,0.4918032786885246,0.0,7.248366013071895
108,NODE_109_length_11883_cov_6.227511,11883,10.558338486909916,0.0,0.0,1.5555555555555556,0.0,0.0,0.0,0.0,0.0,0.0,1.2272727272727273,0.9523809523809524,6.8231292517006805
113,NODE_114_length_11709_cov_11.709456,11709,13.25503355704698,0.0,0.0,0.0,0.0,0.0,0.0,0.0,0.0,0.0,0.0,0.0,13.25503355704698
114,NODE_115_length_11680_cov_6.870194,11680,11.998648456394935,0.0,0.0,1.7777777777777777,0.0,0.0,0.0,0.0,0.0,1.0,1.6363636363636362,0.0,7.584507042253521
119,NODE_120_length_11289_cov_5.253427,11289,7.607142857142858,0.0,0.0,0.0,0.0,0.0,0.0,0.0,0.0,0.0,1.1428571428571428,0.0,6.464285714285714
125,NODE_126_length_10858_cov_6.202351,10858,10.470380584666298,0.0,0.0,1.0,0.0,0.0,0.0,0.0,0.0,1.054054054054054,1.1020408163265305,0.0,7.314285714285714
126,NODE_127_length_10832_cov_6.025239,10832,7.928030303030303,0.0,0.0,1.125,0.0,0.0,0.0,0.0,0.0,0.0,0.0,0.0,6.803030303030303
127,NODE_128_length_10794_cov_5.539343,10794,7.116090482287666,0.0,0.0,0.0,0.0,0.0,0.0,0.0,0.0,0.0,0.8484848484848485,0.0,6.267605633802817
128,NODE_129_length_10784_cov_5.853854,10784,8.24765401876785,0.0,0.0,0.0,0.0,0.0,0.0,0.0,0.0,0.0,1.263157894736842,0.0,6.984496124031008
130,NODE_131_length_10703_cov_5.172239,10703,6.8717774762550885,0.0,0.0,0.0,0.0,0.0,0.0,0.0,0.0,0.0,0.9090909090909092,0.0,5.962686567164179
131,NODE_132_length_10702_cov_6.868977,10702,10.088549618320611,0.0,0.0,1.6,0.0,0.0,0.0,0.0,0.0,0.0,1.0,0.0,7.488549618320611
132,NODE_133_length_10670_cov_8.807442,10670,13.931111111111113,0.0,0.0,1.5555555555555556,0.0,0.0,0.0,0.0,0.0,0.0,1.92,1.1666666666666667,9.28888888888889
133,NODE_134_length_10658_cov_6.683486,10658,8.404288499025341,0.0,0.0,0.0,0.0,0.0,0.0,0.0,0.0,0.0,0.7894736842105263,0.0,7.614814814814815
136,NODE_137_length_10565_cov_6.350238,10565,8.28018668475009,0.0,0.0,0.0,0.0,0.0,0.0,0.0,0.0,0.0,0.8679245283018868,0.2727272727272727,7.1395348837209305
137,NODE_138_length_10517_cov_7.554196,10517,12.31750194250194,0.0,0.0,2.5416666666666665,0.0,0.0,0.0,0.0,0.0,0.0,1.0555555555555556,0.0,8.72027972027972
138,NODE_139_length_10471_cov_6.067012,10471,8.35198702351987,0.0,0.0,0.0,0.0,0.0,0.0,0.0,0.0,0.0,1.1111111111111112,0.0,7.240875912408759
139,NODE_140_length_10462_cov_4.785625,10462,7.200387596899224,0.0,0.0,0.0,0.0,0.0,0.0,0.0,0.0,0.0,1.65,0.0,5.550387596899225
142,NODE_143_length_10368_cov_7.389799,10368,9.713725490196078,0.0,0.0,0.0,0.0,0.0,0.0,0.0,0.0,0.0,1.0666666666666669,0.0,8.647058823529411
143,NODE_144_length_10265_cov_7.401077,10265,10.603798175386334,0.0,0.0,0.0,0.0,0.0,0.0,0.0,0.0,0.0,1.5121951219512195,0.0,9.091603053435117
145,NODE_146_length_10232_cov_6.556746,10232,7.790322580645161,0.0,0.0,0.0,0.0,0.0,0.0,0.0,0.0,0.0,0.0,0.0,7.790322580645161
146,NODE_147_length_10150_cov_6.901040,10150,12.25757575757576,0.0,0.0,2.833333333333333,0.0,0.0,0.0,0.0,0.0,0.0,1.3333333333333333,0.0,8.090909090909092
147,NODE_148_length_10147_cov_6.444610,10147,10.792178495990813,0.0,0.0,0.9230769230769232,0.0,0.0,0.0,0.0,0.0,0.5454545454545454,1.6129032258064515,0.0,7.710743801652892
150,NODE_151_length_10066_cov_6.533114,10066,8.525953721075673,0.0,0.0,0.0,0.0,0.0,0.0,0.0,0.0,0.0,1.2820512820512822,0.0,7.2439024390243905
152,NODE_153_length_9909_cov_10.409377,9909,13.085928809788657,0.0,0.0,4.206896551724138,0.0,0.0,0.0,0.0,0.0,0.0,1.0,0.0,7.879032258064516
154,NODE_155_length_9837_cov_6.557964,9837,8.958333333333332,0.0,0.0,0.0,0.0,0.0,0.0,0.0,0.0,0.0,1.375,0.0,7.583333333333333
158,NODE_159_length_9766_cov_5.980846,9766,11.553120389626548,0.0,0.0,2.5,0.0,0.0,0.0,0.0,0.0,0.0,1.2765957446808511,0.7368421052631579,7.03968253968254
163,NODE_164_length_9553_cov_6.379343,9553,13.244294559929235,0.0,0.0,2.9642857142857144,0.0,0.0,0.0,0.0,0.0,0.6,1.3529411764705883,0.4761904761904761,7.850877192982456
170,NODE_171_length_9260_cov_6.990331,9260,11.52411553963278,0.0,0.0,1.9090909090909087,0.0,0.0,0.0,0.0,0.0,0.0,1.4857142857142858,0.0,8.129310344827585
174,NODE_175_length_8878_cov_6.606143,8878,9.99701280227596,0.0,0.0,0.0,0.0,0.0,0.0,0.0,0.0,0.4864864864864865,1.7999999999999998,0.0,7.7105263157894735
175,NODE_176_length_8871_cov_4.933190,8871,6.885964912280702,0.0,0.0,0.0,0.0,0.0,0.0,0.0,0.0,0.0,0.9473684210526316,0.0,5.93859649122807
176,NODE_177_length_8800_cov_5.529560,8800,10.78471494607088,0.0,0.0,2.72,0.0,0.0,0.0,0.0,0.0,0.0,0.9545454545454546,0.0,7.110169491525424
177,NODE_178_length_8764_cov_5.960156,8764,10.543771043771043,0.0,0.0,2.833333333333333,0.0,0.0,0.0,0.0,0.0,0.0,0.7407407407407407,0.0,6.96969696969697
180,NODE_181_length_8710_cov_5.350664,8710,8.132581453634085,0.0,0.0,0.0,0.0,0.0,0.0,0.0,0.0,0.7,1.2571428571428571,0.0,6.175438596491228
182,NODE_183_length_8682_cov_5.880839,8682,8.099521531100478,0.0,0.0,0.0,0.0,0.0,0.0,0.0,0.0,0.0,1.263157894736842,0.0,6.836363636363636
184,NODE_185_length_8623_cov_5.486111,8623,6.846728971962617,0.0,0.0,0.0,0.0,0.0,0.0,0.0,0.0,0.0,0.8,0.0,6.046728971962617
188,NODE_189_length_8444_cov_5.529145,8444,6.38,0.0,0.0,0.0,0.0,0.0,0.0,0.0,0.0,0.0,0.0,0.0,6.38
190,NODE_191_length_8350_cov_6.378180,8350,10.70159489633174,0.0,0.0,2.1,0.0,0.0,0.0,0.0,0.0,0.0,1.2121212121212122,0.0,7.389473684210526
191,NODE_192_length_8323_cov_5.640905,8323,7.929929266136163,0.0,0.0,0.0,0.0,0.0,0.0,0.0,0.0,0.0,1.1282051282051282,0.0,6.801724137931035
192,NODE_193_length_8316_cov_5.177702,8316,7.436564736499675,0.0,0.0,0.0,0.0,0.0,0.0,0.0,0.0,0.0,1.1724137931034482,0.0,6.264150943396227
195,NODE_196_length_8219_cov_7.664625,8219,15.174047619047618,0.0,0.0,3.2857142857142856,0.0,0.0,0.0,0.0,0.0,1.375,1.8333333333333333,0.0,8.68
196,NODE_197_length_8212_cov_6.270320,8212,8.712636874815034,0.0,0.0,0.0,0.0,0.0,0.0,0.0,0.0,0.0,1.3548387096774193,0.0,7.3577981651376145
197,NODE_198_length_8185_cov_5.635301,8185,7.990940766550523,0.0,0.0,0.0,0.0,0.0,0.0,0.0,0.0,0.0,1.2195121951219512,0.0,6.771428571428571
198,NODE_199_length_8147_cov_4.969105,8147,7.327750410509031,0.0,0.0,0.0,0.0,0.0,0.0,0.0,0.0,1.0689655172413792,0.6206896551724138,0.0,5.638095238095239
204,NODE_205_length_8082_cov_5.389311,8082,8.944648829431438,0.0,0.0,2.0869565217391304,0.0,0.0,0.0,0.0,0.0,0.0,0.8,0.0,6.057692307692308
207,NODE_208_length_7970_cov_7.740493,7970,14.860448497580853,0.0,0.0,3.088235294117647,0.0,0.0,0.4761904761904761,0.0,0.0,0.0,1.96875,0.5,8.827272727272728
209,NODE_210_length_7951_cov_5.801292,7951,8.052631578947368,0.0,0.0,0.0,0.0,0.0,0.0,0.0,0.0,0.0,1.0,0.0,7.052631578947368
211,NODE_212_length_7935_cov_7.999365,7935,14.94037008742891,0.0,0.0,3.380952380952381,0.0,0.0,0.0,0.0,0.0,0.0,1.5,0.7058823529411765,9.353535353535351
215,NODE_216_length_7889_cov_6.840950,7889,9.29451287793953,0.0,0.0,0.0,0.0,0.0,0.0,0.0,0.0,0.0,1.3157894736842106,0.0,7.978723404255319
218,NODE_219_length_7814_cov_6.583194,7814,12.12768364487183,0.0,0.0,0.0,0.0,0.0,0.0,0.0,0.0,1.0,1.826086956521739,1.5263157894736843,7.775280898876405
219,NODE_220_length_7814_cov_5.801392,7814,7.750654107796965,0.0,0.0,0.0,0.0,0.0,0.0,0.0,0.0,0.0,1.1282051282051282,0.0,6.622448979591836
220,NODE_221_length_7799_cov_6.459711,7799,8.939622641509434,0.0,0.0,0.0,0.0,0.0,0.0,0.0,0.0,0.0,1.6,0.0,7.339622641509434
222,NODE_223_length_7785_cov_6.506727,7785,10.860523244871072,0.0,0.0,0.0,0.0,0.0,0.0,0.0,0.0,0.2608695652173913,1.92,1.2857142857142858,7.393939393939394
225,NODE_226_length_7723_cov_4.739306,7723,8.214151747655583,0.0,0.0,0.0,0.0,0.0,0.0,0.0,0.0,1.3043478260869563,1.1764705882352942,0.0,5.733333333333333
226,NODE_227_length_7718_cov_5.820044,7718,8.656140350877193,0.0,0.0,0.0,0.0,0.0,0.0,0.0,0.0,0.0,1.7894736842105263,0.0,6.866666666666666
227,NODE_228_length_7705_cov_5.812680,7705,7.790909090909091,0.0,0.0,0.0,0.0,0.0,0.0,0.0,0.0,0.0,1.0909090909090908,0.0,6.7
228,NODE_229_length_7694_cov_6.738840,7694,9.20809614168248,0.0,0.0,0.0,0.0,0.0,0.0,0.0,0.0,0.0,1.2941176470588236,0.0,7.913978494623656
229,NODE_230_length_7688_cov_5.380715,7688,7.477064220183486,0.0,0.0,0.0,0.0,0.0,0.0,0.0,0.0,0.0,1.0,0.0,6.477064220183486
231,NODE_232_length_7652_cov_5.060419,7652,8.69729691075515,0.0,0.0,1.6956521739130437,0.0,0.0,0.0,0.0,0.0,0.0,0.84375,0.0,6.157894736842105
232,NODE_233_length_7645_cov_5.681159,7645,9.762894736842105,0.0,0.0,0.0,0.0,0.0,0.0,0.0,0.0,1.125,1.68,0.0,6.957894736842105
239,NODE_240_length_7477_cov_6.266774,7477,11.56175929333824,0.0,0.0,3.090909090909091,0.0,0.0,0.0,0.0,0.0,0.0,0.8076923076923077,0.0,7.663157894736842
243,NODE_244_length_7429_cov_5.237185,7429,9.227650219833905,0.0,0.0,0.0,0.0,0.0,0.0,0.0,0.0,1.0,1.9130434782608696,0.0,6.314606741573034
244,NODE_245_length_7411_cov_5.263322,7411,7.375232198142415,0.0,0.0,0.0,0.0,0.0,0.0,0.0,0.0,0.0,1.2105263157894737,0.0,6.1647058823529415
245,NODE_246_length_7389_cov_6.120671,7389,8.449275362318842,0.0,0.0,0.0,0.0,0.0,0.0,0.0,0.0,0.0,0.782608695652174,0.0,7.666666666666667
246,NODE_247_length_7386_cov_6.216887,7386,9.241711229946524,0.0,0.0,0.0,0.0,0.0,0.0,0.0,0.0,0.0,1.818181818181818,0.0,7.423529411764706
247,NODE_248_length_7374_cov_5.407159,7374,7.015873015873016,0.0,0.0,0.0,0.0,0.0,0.0,0.0,0.0,0.0,0.5714285714285714,0.0,6.444444444444445
248,NODE_249_length_7335_cov_5.455907,7335,7.510416666666667,0.0,0.0,0.0,0.0,0.0,0.0,0.0,0.0,0.0,0.9166666666666666,0.0,6.59375
249,NODE_250_length_7319_cov_7.215308,7319,11.748982423681776,0.0,0.0,0.0,0.0,0.0,0.0,0.0,0.0,0.0,1.6521739130434785,1.65,8.446808510638299
251,NODE_252_length_7291_cov_5.572968,7291,7.461702127659574,0.0,0.0,0.0,0.0,0.0,0.0,0.0,0.0,0.0,1.1,0.0,6.361702127659575
253,NODE_254_length_7230_cov_6.551916,7230,9.14126984126984,0.0,0.0,0.0,0.0,0.0,0.0,0.0,0.0,0.0,1.619047619047619,0.0,7.522222222222222
254,NODE_255_length_7211_cov_6.471772,7211,11.968616600790511,0.0,0.0,1.818181818181818,0.0,0.0,0.0,0.0,0.0,0.0,1.52,1.1304347826086956,7.5
258,NODE_259_length_7165_cov_8.718143,7165,8.953488372093023,0.0,0.0,0.0,0.0,0.0,0.0,0.0,0.0,0.0,0.0,0.0,8.953488372093023
260,NODE_261_length_7159_cov_4.758164,7159,8.596235225448709,0.0,0.0,1.6363636363636362,0.0,0.0,0.0,0.0,0.0,0.0,1.2857142857142858,0.0,5.674157303370786
261,NODE_262_length_7131_cov_5.241379,7131,9.8874531835206,0.0,0.0,1.4666666666666666,0.0,0.0,0.0,0.0,0.0,0.0,2.05,0.0,6.370786516853933
262,NODE_263_length_7107_cov_5.110323,7107,6.413235294117647,0.0,0.0,0.0,0.0,0.0,0.0,0.0,0.0,0.0,0.625,0.0,5.788235294117647
264,NODE_265_length_7063_cov_5.825057,7063,6.993579454253611,0.0,0.0,0.0,0.0,0.0,0.0,0.0,0.0,0.0,0.2857142857142857,0.0,6.707865168539326
265,NODE_266_length_7019_cov_6.105399,7019,11.969799414018482,0.0,0.0,2.117647058823529,0.0,0.0,0.0,0.0,0.0,1.2352941176470589,1.1724137931034482,0.0,7.444444444444445
267,NODE_268_length_6993_cov_5.216345,6993,11.44537480063796,0.0,0.0,2.083333333333333,0.0,0.0,0.0,0.0,0.0,1.181818181818182,0.7878787878787878,1.2105263157894737,6.181818181818182
268,NODE_269_length_6983_cov_6.049509,6983,8.31183932346723,0.0,0.0,0.0,0.0,0.0,0.0,0.0,0.0,0.0,1.0909090909090908,0.0,7.22093023255814
269,NODE_270_length_6956_cov_5.775830,6956,8.07816091954023,0.0,0.0,0.0,0.0,0.0,0.0,0.0,0.0,0.3333333333333333,1.3448275862068966,0.0,6.4
270,NODE_271_length_6955_cov_6.242464,6955,8.84468339307049,0.0,0.0,0.0,0.0,0.0,0.0,0.0,0.0,0.0,1.6296296296296295,0.0,7.21505376344086
273,NODE_274_length_6879_cov_4.798359,6879,8.807692307692307,0.0,0.0,2.0,0.0,0.0,0.0,0.0,0.0,0.0,1.0,0.0,5.807692307692308
274,NODE_275_length_6849_cov_5.540477,6849,12.145867208672088,0.0,0.0,2.458333333333333,0.0,0.0,0.0,0.0,0.0,1.0476190476190477,1.0857142857142856,1.4444444444444444,6.109756097560975
280,NODE_281_length_6762_cov_6.135977,6762,11.034954751131222,0.0,0.0,2.1,0.0,0.0,0.0,0.0,0.0,1.1176470588235294,0.6923076923076923,0.0,7.125
281,NODE_282_length_6759_cov_5.345913,6759,7.579545454545454,0.0,0.0,0.0,0.0,0.0,0.0,0.0,0.0,0.0,1.0909090909090908,0.0,6.488636363636363
282,NODE_283_length_6752_cov_6.116171,6752,9.093333333333334,0.0,0.0,0.0,0.0,0.0,0.0,0.0,0.0,0.0,1.7999999999999998,0.0,7.293333333333333
283,NODE_284_length_6734_cov_5.435095,6734,7.297153700189753,0.0,0.0,0.0,0.0,0.0,0.0,0.0,0.0,0.0,0.967741935483871,0.0,6.329411764705882
285,NODE_286_length_6721_cov_6.062106,6721,10.45335665500583,0.0,0.0,1.7222222222222223,0.0,0.0,0.0,0.0,0.0,0.0,1.4782608695652173,0.0,7.252873563218391
289,NODE_290_length_6657_cov_6.800969,6657,9.15943204868154,0.0,0.0,0.0,0.0,0.0,0.0,0.0,0.0,0.0,1.7241379310344829,0.0,7.435294117647059
291,NODE_292_length_6647_cov_5.272755,6647,6.542168674698795,0.0,0.0,0.0,0.0,0.0,0.0,0.0,0.0,0.0,0.0,0.0,6.542168674698795
293,NODE_294_length_6642_cov_7.035373,6642,10.257619047619048,0.0,0.0,0.0,0.0,0.0,0.0,0.0,0.0,0.0,2.2976190476190474,0.0,7.96
296,NODE_297_length_6614_cov_5.538192,6614,7.971861471861472,0.0,0.0,0.0,0.0,0.0,0.0,0.0,0.0,0.0,1.0909090909090908,0.0,6.880952380952381
297,NODE_298_length_6605_cov_6.262137,6605,10.568627450980392,0.0,0.0,0.0,0.0,0.0,0.0,0.0,0.0,1.0,2.333333333333333,0.0,7.235294117647059
298,NODE_299_length_6598_cov_6.080238,6598,9.294771968854285,0.0,0.0,0.0,0.0,0.0,0.0,0.0,0.0,0.0,2.0689655172413794,0.0,7.225806451612903
299,NODE_300_length_6588_cov_6.979948,6588,13.278448275862068,0.0,0.0,2.0,0.0,0.0,0.0,0.0,0.0,0.0,3.175,0.0,8.10344827586207
304,NODE_305_length_6557_cov_5.106429,6557,8.070607553366173,0.0,0.0,0.0,0.0,0.0,0.0,0.0,0.0,0.0,1.7142857142857142,0.0,6.35632183908046
305,NODE_306_length_6533_cov_5.650509,6533,8.286153846153846,0.0,0.0,0.0,0.0,0.0,0.0,0.0,0.0,0.0,1.44,0.0,6.846153846153846
306,NODE_307_length_6530_cov_6.190425,6530,11.487824675324674,0.0,0.0,2.6818181818181817,0.0,0.0,0.0,0.0,0.0,0.0,0.5357142857142857,1.0625,7.207792207792208
307,NODE_308_length_6524_cov_5.981450,6524,8.382674516400336,0.0,0.0,0.0,0.0,0.0,0.0,0.0,0.0,0.0,1.7241379310344829,0.0,6.658536585365853
308,NODE_309_length_6515_cov_6.217492,6515,12.067460317460316,0.0,0.0,2.055555555555556,0.0,0.0,0.0,0.0,0.0,0.0,1.6666666666666667,0.75,7.595238095238095
310,NODE_311_length_6506_cov_4.633700,6506,8.061688311688311,0.0,0.0,0.0,0.0,0.0,0.0,0.0,0.0,0.0,2.75,0.0,5.311688311688312
313,NODE_314_length_6475_cov_6.020093,6475,12.82121212121212,0.0,0.0,3.25,0.0,0.0,0.0,0.0,0.0,0.0,1.4545454545454546,1.25,6.866666666666666
319,NODE_320_length_6396_cov_5.361773,6396,7.151648351648352,0.0,0.0,0.0,0.0,0.0,0.0,0.0,0.0,0.0,0.9230769230769232,0.0,6.228571428571429
321,NODE_322_length_6329_cov_6.199713,6329,8.453941120607787,0.0,0.0,0.0,0.0,0.0,0.0,0.0,0.0,0.0,0.9230769230769232,0.0,7.530864197530864
323,NODE_324_length_6306_cov_5.764518,6306,7.854354354354355,0.0,0.0,0.0,0.0,0.0,0.0,0.0,0.0,0.0,1.1111111111111112,0.0,6.743243243243243
326,NODE_327_length_6258_cov_5.108173,6258,7.593846153846155,0.0,0.0,0.0,0.0,0.0,0.0,0.0,0.0,0.0,1.153846153846154,0.0,6.44
327,NODE_328_length_6251_cov_5.516624,6251,6.997364953886692,0.0,0.0,0.0,0.0,0.0,0.0,0.0,0.0,0.0,1.2727272727272727,0.0,5.72463768115942
329,NODE_330_length_6244_cov_6.079334,6244,13.537835448304556,0.0,0.0,3.391304347826087,0.0,0.0,1.625,0.0,0.0,0.0,1.3636363636363635,0.0,7.157894736842105
332,NODE_333_length_6219_cov_7.002596,6219,10.686931637519873,0.0,0.0,0.0,0.0,0.0,0.0,0.0,0.0,1.0588235294117647,1.52,0.0,8.108108108108109
333,NODE_334_length_6207_cov_5.108908,6207,7.038043478260869,0.0,0.0,0.0,0.0,0.0,0.0,0.0,0.0,0.0,0.9130434782608696,0.0,6.125
340,NODE_341_length_6145_cov_6.016420,6145,9.777356303672091,0.0,0.0,0.0,0.0,0.0,0.0,0.0,0.0,1.0526315789473684,1.4814814814814814,0.0,7.243243243243243
342,NODE_343_length_6136_cov_4.315244,6136,6.464285714285714,0.0,0.0,0.0,0.0,0.0,0.0,0.0,0.0,0.0,1.0,0.0,5.464285714285714
347,NODE_348_length_6103_cov_4.890046,6103,6.658653846153846,0.0,0.0,0.0,0.0,0.0,0.0,0.0,0.0,0.0,0.8461538461538461,0.0,5.8125
356,NODE_357_length_5993_cov_5.868137,5993,10.911904761904765,0.0,0.0,0.0,0.0,0.0,0.0,0.0,0.0,1.0,2.583333333333333,0.0,7.328571428571428
357,NODE_358_length_5981_cov_6.224772,5981,8.087633885102239,0.0,0.0,0.0,0.0,0.0,0.0,0.0,0.0,0.0,0.9230769230769232,0.0,7.1645569620253164
362,NODE_363_length_5958_cov_5.363883,5958,9.11624649859944,0.0,0.0,0.0,0.0,0.0,0.0,0.0,0.0,1.0,1.2352941176470589,0.0,6.880952380952381
364,NODE_365_length_5924_cov_5.430227,5924,7.179047619047619,0.0,0.0,0.0,0.0,0.0,0.0,0.0,0.0,0.0,0.9523809523809524,0.0,6.226666666666667
370,NODE_371_length_5879_cov_5.749657,5879,9.460085398681889,0.0,0.0,0.0,0.0,0.0,0.0,0.0,0.0,1.2105263157894737,1.9285714285714288,0.0,6.320987654320987
380,NODE_381_length_5800_cov_5.076414,5800,7.867822318526544,0.0,0.0,0.0,0.0,0.0,0.0,0.0,0.0,1.0,0.7692307692307693,0.0,6.098591549295775
384,NODE_385_length_5771_cov_5.909027,5771,6.493333333333333,0.0,0.0,0.0,0.0,0.0,0.0,0.0,0.0,0.0,0.0,0.0,6.493333333333333
388,NODE_389_length_5720_cov_6.950221,5720,12.935528559249786,0.0,0.0,2.375,0.0,0.0,0.0,0.0,0.0,0.0,1.5,1.1764705882352942,7.884057971014493
389,NODE_390_length_5719_cov_6.128001,5719,8.96590066716086,0.0,0.0,0.0,0.0,0.0,0.0,0.0,0.0,0.0,1.6842105263157894,0.0,7.28169014084507
390,NODE_391_length_5708_cov_6.145586,5708,7.720700152207002,0.0,0.0,0.0,0.0,0.0,0.0,0.0,0.0,0.0,0.6111111111111112,0.0,7.109589041095891
391,NODE_392_length_5697_cov_6.832683,5697,9.574016791869202,0.0,0.0,0.0,0.0,0.0,0.0,0.0,0.0,0.0,1.3548387096774193,0.0,8.219178082191782
396,NODE_397_length_5647_cov_6.050966,5647,8.914543114543115,0.0,0.0,0.0,0.0,0.0,0.0,0.0,0.0,1.2857142857142858,0.4666666666666667,0.0,7.162162162162162
397,NODE_398_length_5639_cov_6.991404,5639,11.563562753036438,0.0,0.0,2.6,0.0,0.0,0.0,0.0,0.0,0.0,1.3846153846153846,0.0,7.578947368421052
402,NODE_403_length_5614_cov_5.649038,5614,7.348484848484849,0.0,0.0,0.0,0.0,0.0,0.0,0.0,0.0,0.0,0.9090909090909092,0.0,6.4393939393939394
405,NODE_406_length_5561_cov_4.887759,5561,6.837362637362638,0.0,0.0,0.0,0.0,0.0,0.0,0.0,0.0,0.0,0.9230769230769232,0.0,5.914285714285715
406,NODE_407_length_5557_cov_6.068884,5557,7.860576923076923,0.0,0.0,0.0,0.0,0.0,0.0,0.0,0.0,0.0,0.9375,0.0,6.923076923076923
407,NODE_408_length_5543_cov_6.944424,5543,11.387626262626265,0.0,0.0,0.0,0.0,0.0,0.0,0.0,0.0,0.0,2.6515151515151514,0.0,8.73611111111111
410,NODE_411_length_5509_cov_5.577558,5509,11.49621212121212,0.0,0.0,3.0,0.0,0.0,0.0,0.0,0.0,0.0,1.875,0.0,6.621212121212121
416,NODE_417_length_5475_cov_5.861439,5475,9.48497569597879,0.0,0.0,0.0,0.0,0.0,0.0,0.0,0.0,0.0,2.8548387096774195,0.0,6.63013698630137
420,NODE_421_length_5459_cov_6.641747,5459,9.534313725490197,0.0,0.0,0.0,0.0,0.0,0.0,0.0,0.0,0.0,1.6666666666666667,0.0,7.867647058823529
425,NODE_426_length_5404_cov_4.517667,5404,5.513548387096774,0.0,0.0,0.0,0.0,0.0,0.0,0.0,0.0,0.0,0.32,0.0,5.193548387096774
426,NODE_427_length_5400_cov_4.678765,5400,6.154054054054054,0.0,0.0,0.0,0.0,0.0,0.0,0.0,0.0,0.0,0.6,0.0,5.554054054054054
435,NODE_436_length_5341_cov_5.207719,5341,10.851905471577602,0.0,0.0,1.818181818181818,0.0,0.0,0.0,0.0,0.0,0.0,1.5714285714285714,1.2,6.262295081967213
439,NODE_440_length_5307_cov_4.789033,5307,6.542857142857143,0.0,0.0,0.0,0.0,0.0,0.0,0.0,0.0,0.0,1.0,0.0,5.542857142857143
440,NODE_441_length_5291_cov_4.790489,5291,10.53968253968254,0.0,0.0,2.0,0.0,0.0,0.0,0.0,0.0,0.0,1.8333333333333333,1.1666666666666667,5.53968253968254
441,NODE_442_length_5283_cov_6.433244,5283,7.788732394366197,0.0,0.0,0.0,0.0,0.0,0.0,0.0,0.0,0.0,0.0,0.0,7.788732394366197
446,NODE_447_length_5237_cov_5.992474,5237,9.323659126476027,0.0,0.0,0.0,0.0,0.0,0.0,0.0,0.0,1.1111111111111112,0.8181818181818181,0.0,7.394366197183099
448,NODE_449_length_5234_cov_6.845337,5234,8.322478516508367,0.0,0.0,0.0,0.0,0.0,0.0,0.0,0.0,0.0,0.6060606060606061,0.0,7.7164179104477615
451,NODE_452_length_5215_cov_6.161628,5215,9.255016722408026,0.0,0.0,0.0,0.0,0.0,0.0,0.0,0.0,1.0,1.0434782608695652,0.0,7.211538461538462
452,NODE_453_length_5210_cov_6.025800,5210,8.579365079365079,0.0,0.0,0.0,0.0,0.0,0.0,0.0,0.0,0.0,1.5238095238095235,0.0,7.055555555555555
459,NODE_460_length_5175_cov_5.560937,5175,5.719298245614035,0.0,0.0,0.0,0.0,0.0,0.0,0.0,0.0,0.0,0.0,0.0,5.719298245614035
463,NODE_464_length_5155_cov_5.547843,5155,7.841530054644808,0.0,0.0,0.0,0.0,0.0,0.0,0.0,0.0,0.0,1.3333333333333333,0.0,6.508196721311475
466,NODE_467_length_5148_cov_5.255252,5148,8.255494505494505,0.0,0.0,0.0,0.0,0.0,0.0,0.0,0.0,1.0769230769230769,1.0,0.0,6.178571428571429
467,NODE_468_length_5128_cov_6.284644,5128,8.801851851851852,0.0,0.0,0.0,0.0,0.0,0.0,0.0,0.0,1.1333333333333333,0.5185185185185185,0.0,7.15
473,NODE_474_length_5086_cov_5.385212,5086,6.946428571428571,0.0,0.0,0.0,0.0,0.0,0.0,0.0,0.0,0.0,0.875,0.0,6.071428571428571
474,NODE_475_length_5085_cov_6.780517,5085,9.053921568627452,0.0,0.0,0.0,0.0,0.0,0.0,0.0,0.0,0.0,0.8333333333333334,0.0,8.220588235294118
475,NODE_476_length_5080_cov_5.804975,5080,8.553779553779554,0.0,0.0,0.0,0.0,0.0,0.0,0.0,0.0,1.2857142857142858,0.6923076923076923,0.0,6.575757575757576
481,NODE_482_length_5024_cov_6.492856,5024,10.555555555555555,0.0,0.0,0.0,0.0,0.0,0.0,0.0,0.0,0.0,1.5555555555555556,0.0,9.0
482,NODE_483_length_5021_cov_4.956101,5021,8.203463203463203,0.0,0.0,0.0,0.0,0.0,0.0,0.0,0.0,0.0,1.809523809523809,0.0,6.393939393939394
484,NODE_485_length_5018_cov_5.994358,5018,7.756410256410256,0.0,0.0,0.0,0.0,0.0,0.0,0.0,0.0,0.0,0.9230769230769232,0.0,6.833333333333333
485,NODE_486_length_5018_cov_5.701995,5018,8.865239369610467,0.0,0.0,0.0,0.0,0.0,0.0,0.0,0.0,1.2666666666666666,1.1578947368421053,0.0,6.440677966101695
486,NODE_487_length_5015_cov_5.413710,5015,7.680084745762712,0.0,0.0,0.0,0.0,0.0,0.0,0.0,0.0,0.0,1.375,0.0,6.305084745762712
487,NODE_488_length_5014_cov_5.439605,5014,11.470741113346747,1.3333333333333333,0.0,0.0,0.0,0.0,0.0,0.0,0.0,1.3333333333333333,2.3392857142857144,0.0,6.464788732394366
489,NODE_490_length_5006_cov_6.893153,5006,10.672234661889831,0.0,0.0,2.7857142857142856,0.0,0.0,0.0,0.0,0.0,0.0,0.4137931034482758,0.0,7.472727272727273
492,NODE_493_length_4988_cov_6.746402,4988,11.524087024087024,0.0,0.0,0.0,0.0,0.0,0.0,0.0,0.0,0.0,2.0454545454545454,1.9230769230769231,7.555555555555555
493,NODE_494_length_4986_cov_6.186169,4986,8.478260869565217,0.0,0.0,0.0,0.0,0.0,0.0,0.0,0.0,0.0,1.3333333333333333,0.0,7.144927536231884
495,NODE_496_length_4981_cov_4.996549,4981,9.259589947089948,0.0,0.0,2.3125,0.0,0.0,0.0,0.0,0.0,0.0,1.1851851851851851,0.0,5.761904761904762
505,NODE_506_length_4926_cov_5.304866,4926,9.411453950444134,0.0,0.0,1.565217391304348,0.0,0.0,0.0,0.0,0.0,0.0,1.7333333333333334,0.0,6.112903225806452
506,NODE_507_length_4925_cov_5.342710,4925,7.497267759562841,0.0,0.0,0.0,0.0,0.0,0.0,0.0,0.0,0.0,1.3333333333333333,0.0,6.163934426229508
509,NODE_510_length_4899_cov_5.748142,4899,14.687745587745583,0.0,0.0,2.1538461538461537,0.0,0.0,1.6923076923076923,0.0,0.0,1.238095238095238,1.772727272727273,1.2307692307692308,6.6
512,NODE_513_length_4891_cov_4.958437,4891,7.102380952380952,0.0,0.0,0.0,0.0,0.0,0.0,0.0,0.0,0.0,1.2857142857142856,0.0,5.816666666666666
518,NODE_519_length_4856_cov_6.604666,4856,12.268589743589745,0.0,0.0,3.125,0.0,0.0,0.0,0.0,0.0,0.0,1.6666666666666667,0.0,7.476923076923077
521,NODE_522_length_4844_cov_5.295260,4844,9.319444444444445,0.0,0.0,2.375,0.0,0.0,0.0,0.0,0.0,0.0,0.0,0.0,6.944444444444445
522,NODE_523_length_4842_cov_6.762273,4842,8.379699248120302,0.0,0.0,0.0,0.0,0.0,0.0,0.0,0.0,0.0,0.7368421052631579,0.0,7.642857142857143
525,NODE_526_length_4827_cov_4.501886,4827,7.603565365025466,0.0,0.0,0.0,0.0,0.0,0.0,0.0,0.0,0.0,1.6842105263157894,0.0,5.919354838709677
529,NODE_530_length_4806_cov_6.260366,4806,11.41384128166915,0.0,0.0,2.3125,0.0,0.0,0.0,0.0,0.0,0.0,1.3636363636363635,0.0,7.737704918032787
531,NODE_532_length_4801_cov_4.684576,4801,5.806259314456035,0.0,0.0,0.0,0.0,0.0,0.0,0.0,0.0,0.0,0.3636363636363636,0.0,5.442622950819672
534,NODE_535_length_4796_cov_6.343809,4796,11.648055178652193,0.0,0.0,3.35,0.0,0.0,0.0,0.0,0.0,0.0,0.9696969696969696,0.0,7.328358208955223
546,NODE_547_length_4757_cov_4.513399,4757,9.876373626373628,0.0,0.0,2.5,0.0,0.0,0.0,0.0,0.0,0.0,1.8571428571428568,0.0,5.519230769230769
550,NODE_551_length_4748_cov_4.890049,4748,6.892857142857142,0.0,0.0,0.0,0.0,0.0,0.0,0.0,0.0,0.0,1.1428571428571428,0.0,5.75
554,NODE_555_length_4723_cov_5.631962,4723,7.87037037037037,0.0,0.0,0.0,0.0,0.0,0.0,0.0,0.0,0.0,1.2222222222222223,0.0,6.648148148148148
558,NODE_559_length_4712_cov_4.975521,4712,9.676436781609196,0.0,0.0,1.9166666666666667,0.0,0.0,0.0,0.0,0.0,0.0,1.4666666666666666,0.0,6.293103448275862
562,NODE_563_length_4702_cov_8.364751,4702,8.982758620689655,0.0,0.0,0.0,0.0,0.0,0.0,0.0,0.0,0.0,0.0,0.0,8.982758620689655
566,NODE_567_length_4689_cov_5.670263,4689,8.527010804321728,0.0,0.0,0.0,0.0,0.0,0.0,0.0,0.0,1.0,0.5882352941176471,0.0,6.938775510204081
567,NODE_568_length_4688_cov_5.168789,4688,8.061274509803921,0.0,0.0,0.0,0.0,0.0,0.0,0.0,0.0,0.0,1.7083333333333333,0.0,6.352941176470588
568,NODE_569_length_4674_cov_5.785451,4674,7.813366960907945,0.0,0.0,0.0,0.0,0.0,0.0,0.0,0.0,0.0,0.8461538461538461,0.0,6.967213114754099
569,NODE_570_length_4668_cov_6.445480,4668,10.24856584093872,0.0,0.0,0.0,0.0,0.0,0.0,0.0,0.0,1.2307692307692308,1.95,0.0,7.067796610169491
571,NODE_572_length_4659_cov_5.080582,4659,7.163596168017686,0.0,0.0,0.0,0.0,0.0,0.0,0.0,0.0,0.0,1.434782608695652,0.0,5.728813559322034
574,NODE_575_length_4654_cov_5.018482,4654,7.475,0.0,0.0,0.0,0.0,0.0,0.0,0.0,0.0,0.0,1.6,0.0,5.875
577,NODE_578_length_4636_cov_6.381794,4636,8.82010582010582,0.0,0.0,0.0,0.0,0.0,0.0,0.0,0.0,0.0,0.8571428571428571,0.0,7.962962962962963
582,NODE_583_length_4622_cov_4.867309,4622,5.793103448275862,0.0,0.0,0.0,0.0,0.0,0.0,0.0,0.0,0.0,0.0,0.0,5.793103448275862
587,NODE_588_length_4599_cov_4.510343,4599,6.612987012987013,0.0,0.0,0.0,0.0,0.0,0.0,0.0,0.0,0.0,1.2857142857142858,0.0,5.327272727272727
589,NODE_590_length_4589_cov_4.707102,4589,10.44238310708899,0.0,0.0,0.0,0.0,0.0,0.0,0.0,0.0,1.5384615384615383,2.9705882352941178,0.0,5.933333333333334
590,NODE_591_length_4558_cov_5.855430,4558,8.277272727272727,0.0,0.0,0.0,0.0,0.0,0.0,0.0,0.0,0.0,1.95,0.0,6.327272727272727
593,NODE_594_length_4546_cov_6.486751,4546,14.206302146193,0.0,0.0,3.5,0.0,0.0,0.0,0.0,0.0,1.2352941176470589,1.894736842105263,0.0,7.576271186440678
596,NODE_597_length_4531_cov_5.768543,4531,7.219354838709677,0.0,0.0,0.0,0.0,0.0,0.0,0.0,0.0,0.0,0.8,0.0,6.419354838709677
605,NODE_606_length_4500_cov_6.107987,4500,9.182017543859647,0.0,0.0,0.0,0.0,0.0,0.0,0.0,0.0,0.0,1.125,1.25,6.807017543859649
608,NODE_609_length_4488_cov_5.459508,4488,7.196765498652291,0.0,0.0,0.0,0.0,0.0,0.0,0.0,0.0,0.0,0.8571428571428571,0.0,6.339622641509434
609,NODE_610_length_4487_cov_5.710966,4487,7.557142857142857,0.0,0.0,0.0,0.0,0.0,0.0,0.0,0.0,0.0,1.2,0.0,6.357142857142857
610,NODE_611_length_4487_cov_5.213222,4487,8.09272183449651,0.0,0.0,0.0,0.0,0.0,0.0,0.0,0.0,1.0,1.0588235294117647,0.0,6.033898305084746
612,NODE_613_length_4477_cov_5.235866,4477,7.510909090909091,0.0,0.0,0.0,0.0,0.0,0.0,0.0,0.0,0.0,1.0909090909090908,0.0,6.42
614,NODE_615_length_4471_cov_5.150362,4471,9.986666666666668,0.0,0.0,3.333333333333333,0.0,0.0,0.0,0.0,0.0,0.0,0.8333333333333334,0.0,5.82
615,NODE_616_length_4470_cov_6.113477,4470,8.624798711755233,0.0,0.0,0.0,0.0,0.0,0.0,0.0,0.0,0.0,1.2173913043478262,0.0,7.407407407407407
616,NODE_617_length_4467_cov_6.172484,4467,6.746963562753036,0.0,0.0,0.0,0.0,0.0,0.0,0.0,0.0,0.0,0.631578947368421,0.0,6.115384615384615
620,NODE_621_length_4436_cov_5.873317,4436,7.220338983050848,0.0,0.0,0.0,0.0,0.0,0.0,0.0,0.0,0.0,0.0,0.0,7.220338983050848
622,NODE_623_length_4425_cov_6.503204,4425,14.74656862745098,0.0,0.0,3.588235294117647,0.0,0.0,0.0,0.0,0.0,1.0,1.125,1.5333333333333334,7.5
624,NODE_625_length_4409_cov_5.737712,4409,10.57843137254902,0.0,0.0,0.0,0.0,0.0,0.0,0.0,0.0,1.0,1.411764705882353,1.0,7.166666666666667
631,NODE_632_length_4382_cov_5.218627,4382,11.21,0.0,0.0,2.75,0.0,0.0,0.0,0.0,0.0,1.0,1.5,0.0,5.96
634,NODE_635_length_4354_cov_7.403350,4354,9.486590038314176,0.0,0.0,0.0,0.0,0.0,0.0,0.0,0.0,0.0,1.5555555555555556,0.0,7.931034482758621
636,NODE_637_length_4344_cov_5.600373,4344,9.408612440191389,0.0,0.0,0.0,0.0,0.0,0.0,0.0,0.0,1.0,1.263157894736842,0.0,7.1454545454545455
639,NODE_640_length_4331_cov_4.596819,4331,8.474242424242423,1.0909090909090908,0.0,1.5833333333333333,0.0,0.0,0.0,0.0,0.0,0.0,0.0,0.0,5.8
651,NODE_652_length_4287_cov_4.876418,4287,8.151315789473685,0.0,0.0,0.0,0.0,0.0,0.0,0.0,0.0,0.0,2.625,0.0,5.526315789473684
655,NODE_656_length_4273_cov_7.153153,4273,8.432631578947369,0.0,0.0,0.0,0.0,0.0,0.0,0.0,0.0,0.0,1.0526315789473684,0.0,7.38
660,NODE_661_length_4248_cov_5.133079,4248,6.5227272727272725,0.0,0.0,0.0,0.0,0.0,0.0,0.0,0.0,0.0,0.0,0.0,6.5227272727272725
663,NODE_664_length_4238_cov_6.746593,4238,9.58128078817734,0.0,0.0,0.0,0.0,0.0,0.0,0.0,0.0,0.0,1.3571428571428572,0.0,8.224137931034482
669,NODE_670_length_4221_cov_5.250360,4221,6.635746606334841,0.0,0.0,0.0,0.0,0.0,0.0,0.0,0.0,0.0,1.0588235294117647,0.0,5.576923076923077
671,NODE_672_length_4218_cov_4.721595,4218,8.718181818181819,0.0,0.0,0.0,0.0,0.0,0.0,0.0,0.0,1.318181818181818,1.5,0.0,5.9
674,NODE_675_length_4209_cov_5.778045,4209,8.846497764530552,0.0,0.0,0.0,0.0,0.0,0.0,0.0,0.0,0.0,2.272727272727273,0.0,6.573770491803279
680,NODE_681_length_4186_cov_5.128298,4186,7.744897959183674,0.0,0.0,0.0,0.0,0.0,0.0,0.0,0.0,0.0,1.5,0.0,6.244897959183674
685,NODE_686_length_4166_cov_5.645342,4166,12.157575757575758,0.0,0.0,0.0,0.0,0.0,1.2727272727272727,0.0,0.0,1.1666666666666667,0.0,2.65,7.068181818181818
689,NODE_690_length_4149_cov_4.899609,4149,8.499542124542124,0.0,0.0,0.0,0.0,0.0,0.0,0.0,0.0,1.0769230769230769,1.3333333333333333,0.0,6.089285714285714
690,NODE_691_length_4145_cov_5.977262,4145,8.20066334991708,0.0,0.0,0.0,0.0,0.0,0.0,0.0,0.0,0.0,1.1111111111111112,0.0,7.08955223880597
691,NODE_692_length_4143_cov_5.923924,4143,10.0375,0.0,0.0,2.0,0.0,0.0,0.0,0.0,0.0,0.0,0.6000000000000001,0.0,7.4375
694,NODE_695_length_4127_cov_4.940815,4127,9.870107962213224,0.0,0.0,2.076923076923077,0.0,0.0,0.0,0.0,0.0,0.0,0.6923076923076923,1.4166666666666667,5.684210526315789
696,NODE_697_length_4120_cov_5.215744,4120,8.01923076923077,0.0,0.0,0.0,0.0,0.0,0.0,0.0,0.0,0.0,1.3846153846153846,0.0,6.634615384615385
698,NODE_699_length_4115_cov_5.738177,4115,11.9,0.0,0.0,3.3,0.0,0.0,0.0,0.0,0.0,0.0,1.6,0.0,7.0
700,NODE_701_length_4099_cov_5.886499,4099,13.7998023715415,1.181818181818182,0.0,2.95,0.0,0.0,0.0,0.0,0.0,0.0,1.0,1.3636363636363635,7.304347826086956
701,NODE_702_length_4096_cov_7.712200,4096,10.612163509471586,0.0,0.0,0.0,0.0,0.0,0.0,0.0,0.0,0.0,1.7647058823529411,0.0,8.847457627118644
709,NODE_710_length_4077_cov_5.759075,4077,7.558823529411764,0.0,0.0,1.0588235294117647,0.0,0.0,0.0,0.0,0.0,0.0,0.0,0.0,6.5
710,NODE_711_length_4074_cov_6.844240,4074,11.736842105263158,0.0,0.0,2.2222222222222223,0.0,0.0,0.0,0.0,0.0,1.1111111111111112,0.7368421052631579,0.0,7.666666666666667
714,NODE_715_length_4060_cov_5.080899,4060,7.376766091051806,0.0,0.0,0.0,0.0,0.0,0.0,0.0,0.0,0.0,1.8461538461538465,0.0,5.530612244897959
716,NODE_717_length_4056_cov_5.513122,4056,12.458395989974935,0.0,0.0,3.263157894736842,0.0,0.0,0.0,0.0,0.0,0.0,0.7619047619047619,1.5,6.933333333333334
717,NODE_718_length_4056_cov_4.997001,4056,9.17948717948718,0.0,0.0,0.0,0.0,0.0,0.0,0.0,0.0,1.4615384615384617,1.3846153846153846,0.0,6.333333333333333
729,NODE_730_length_4022_cov_6.105117,4022,8.75581395348837,0.0,0.0,0.0,0.0,0.0,0.0,0.0,0.0,0.0,1.5,0.0,7.255813953488372
733,NODE_734_length_4011_cov_4.917088,4011,8.214285714285714,0.0,0.0,1.8571428571428568,0.0,0.0,0.0,0.0,0.0,0.0,0.0,0.0,6.357142857142857
734,NODE_735_length_4001_cov_4.823112,4001,5.816190476190476,0.0,0.0,0.0,0.0,0.0,0.0,0.0,0.0,0.0,0.4761904761904761,0.0,5.34
736,NODE_737_length_3997_cov_5.499493,3997,7.878205128205129,0.0,0.0,0.0,0.0,0.0,0.0,0.0,0.0,0.0,1.1666666666666667,0.0,6.711538461538462
737,NODE_738_length_3996_cov_5.990865,3996,7.9714285714285715,0.0,0.0,0.0,0.0,0.0,0.0,0.0,0.0,0.0,1.4,0.0,6.571428571428571
739,NODE_740_length_3992_cov_6.236982,3992,8.517857142857142,0.0,0.0,0.0,0.0,0.0,0.0,0.0,0.0,1.0,0.375,0.0,7.142857142857143
742,NODE_743_length_3983_cov_5.988035,3983,8.196095829636203,0.0,0.0,0.0,0.0,0.0,0.0,0.0,0.0,0.0,0.8695652173913043,0.0,7.326530612244898
743,NODE_744_length_3980_cov_6.711338,3980,7.396551724137931,0.0,0.0,0.0,0.0,0.0,0.0,0.0,0.0,0.0,0.0,0.0,7.396551724137931
745,NODE_746_length_3974_cov_6.732075,3974,8.399038461538462,0.0,0.0,0.0,0.0,0.0,0.0,0.0,0.0,0.0,0.9375,0.0,7.461538461538462
746,NODE_747_length_3971_cov_5.188458,3971,8.407509881422925,0.0,0.0,0.0,0.0,0.0,0.0,0.0,0.0,1.2,1.2727272727272727,0.0,5.934782608695652
749,NODE_750_length_3964_cov_5.971604,3964,9.276190476190475,0.0,0.0,0.0,0.0,0.0,0.0,0.0,0.0,1.0,1.1333333333333333,0.0,7.142857142857143
751,NODE_752_length_3961_cov_4.791603,3961,6.755952380952381,0.0,0.0,0.0,0.0,0.0,0.0,0.0,0.0,0.0,1.1666666666666667,0.0,5.589285714285714
752,NODE_753_length_3945_cov_5.187661,3945,8.682051282051281,0.0,0.0,0.0,0.0,0.0,0.0,0.0,0.0,1.2666666666666666,0.8,0.0,6.615384615384615
753,NODE_754_length_3943_cov_5.107767,3943,7.952380952380952,0.0,0.0,0.0,0.0,0.0,0.0,0.0,0.0,0.0,2.0,0.0,5.9523809523809526
754,NODE_755_length_3942_cov_4.965269,3942,7.294545454545455,0.0,0.0,0.0,0.0,0.0,0.0,0.0,0.0,0.0,1.4545454545454546,0.0,5.84
755,NODE_756_length_3940_cov_6.896525,3940,16.83763142612629,0.0,0.0,2.9166666666666665,0.0,0.0,0.0,0.0,0.0,1.2105263157894737,3.463414634146341,1.1428571428571428,8.104166666666666
756,NODE_757_length_3939_cov_4.048404,3939,8.08943886302377,0.0,0.0,0.0,0.0,0.0,0.0,0.0,0.0,0.0,1.5714285714285714,1.2727272727272727,5.245283018867925
759,NODE_760_length_3932_cov_5.277534,3932,8.26549491211841,0.0,0.0,0.0,0.0,0.0,0.0,0.0,0.0,1.0,1.4782608695652173,0.0,5.787234042553192
763,NODE_764_length_3917_cov_5.219834,3917,7.681231380337636,0.0,0.0,0.0,0.0,0.0,0.0,0.0,0.0,0.0,1.4736842105263157,0.0,6.2075471698113205
768,NODE_769_length_3905_cov_6.653506,3905,8.667207792207792,0.0,0.0,0.0,0.0,0.0,0.0,0.0,0.0,0.0,1.3636363636363635,0.0,7.303571428571429
781,NODE_782_length_3875_cov_5.406806,3875,7.365853658536586,0.0,0.0,0.0,0.0,0.0,0.0,0.0,0.0,0.0,1.0,0.0,6.365853658536586
782,NODE_783_length_3872_cov_5.200943,3872,8.701778385772913,0.0,0.0,0.0,0.0,0.0,0.0,0.0,0.0,0.0,2.3529411764705883,0.0,6.348837209302325
785,NODE_786_length_3864_cov_5.456025,3864,8.56439393939394,0.0,0.0,0.0,0.0,0.0,0.0,0.0,0.0,0.0,1.7727272727272727,0.0,6.791666666666667
787,NODE_788_length_3852_cov_5.229655,3852,7.324214792299898,0.0,0.0,0.0,0.0,0.0,0.0,0.0,0.0,0.0,1.0476190476190477,0.0,6.276595744680851
789,NODE_790_length_3847_cov_5.499209,3847,9.019088016967126,0.0,0.0,0.0,0.0,0.0,0.0,0.0,0.0,0.0,2.0434782608695654,0.0,6.975609756097561
792,NODE_793_length_3845_cov_6.336148,3845,10.338905775075988,0.0,0.0,0.0,0.0,0.0,0.0,0.0,0.0,0.0,2.7857142857142856,0.0,7.553191489361702
795,NODE_796_length_3830_cov_5.500397,3830,7.985714285714286,0.0,0.0,0.0,0.0,0.0,0.0,0.0,0.0,0.0,1.2857142857142858,0.0,6.7
796,NODE_797_length_3827_cov_6.126193,3827,8.74113475177305,0.0,0.0,0.0,0.0,0.0,0.0,0.0,0.0,1.3333333333333333,0.8333333333333334,0.0,6.574468085106383
799,NODE_800_length_3820_cov_4.336786,3820,8.114953673777203,0.0,0.0,1.9230769230769231,0.0,0.0,0.0,0.0,0.0,0.0,0.6428571428571428,0.0,5.549019607843137
803,NODE_804_length_3811_cov_4.366880,3811,8.461111111111112,0.0,0.0,2.083333333333333,0.0,0.0,0.0,0.0,0.0,0.0,1.0,0.0,5.377777777777778
804,NODE_805_length_3809_cov_7.468833,3809,8.755555555555556,0.0,0.0,0.0,0.0,0.0,0.0,0.0,0.0,0.0,0.4444444444444444,0.0,8.311111111111112
809,NODE_810_length_3786_cov_5.342536,3786,6.119047619047619,0.0,0.0,0.0,0.0,0.0,0.0,0.0,0.0,0.0,0.0,0.0,6.119047619047619
816,NODE_817_length_3775_cov_5.967742,3775,10.487986270022883,0.0,0.0,1.25,0.0,0.0,0.0,0.0,0.0,0.0,1.8695652173913044,0.0,7.368421052631579
819,NODE_820_length_3772_cov_5.747915,3772,8.44927536231884,0.0,0.0,0.0,0.0,0.0,0.0,0.0,0.0,0.0,1.1666666666666667,0.0,7.282608695652174
827,NODE_828_length_3741_cov_7.380358,3741,9.398886827458256,0.0,0.0,0.0,0.0,0.0,0.0,0.0,0.0,0.0,0.7272727272727273,1.181818181818182,7.489795918367347
828,NODE_829_length_3740_cov_5.691723,3740,7.869565217391304,0.0,0.0,0.0,0.0,0.0,0.0,0.0,0.0,0.0,0.9565217391304348,0.0,6.913043478260869
830,NODE_831_length_3734_cov_5.463441,3734,7.220795892169447,0.0,0.0,0.0,0.0,0.0,0.0,0.0,0.0,0.0,1.6842105263157894,0.0,5.536585365853658
834,NODE_835_length_3728_cov_7.622380,3728,11.0,0.0,0.0,0.0,0.0,0.0,0.0,0.0,0.0,0.0,1.0,0.0,10.0
841,NODE_842_length_3713_cov_8.038546,3713,8.341463414634147,0.0,0.0,0.0,0.0,0.0,0.0,0.0,0.0,0.0,0.0,0.0,8.341463414634147
848,NODE_849_length_3704_cov_5.644834,3704,8.405290361812101,0.0,0.0,0.0,0.0,0.0,0.0,0.0,0.0,1.0909090909090908,0.9230769230769232,0.0,6.391304347826087
850,NODE_851_length_3696_cov_5.363362,3696,11.11733302158834,0.0,0.0,2.4285714285714284,0.0,0.0,0.0,0.0,0.0,1.1666666666666667,0.6923076923076923,0.0,6.829787234042553
851,NODE_852_length_3695_cov_5.173077,3695,9.21353065539112,0.0,0.0,0.0,0.0,0.0,0.0,0.0,0.0,1.0,1.818181818181818,0.0,6.395348837209302
855,NODE_856_length_3687_cov_6.514868,3687,13.85,0.0,0.0,2.1,0.0,0.0,0.0,0.0,0.0,1.0,1.9166666666666667,1.1666666666666667,7.666666666666667
856,NODE_857_length_3684_cov_5.508129,3684,8.536842105263158,0.0,0.0,0.0,0.0,0.0,0.0,0.0,0.0,1.2,0.7368421052631579,0.0,6.6
857,NODE_858_length_3681_cov_3.478213,3681,4.775,0.0,0.0,0.0,0.0,0.0,0.0,0.0,0.0,0.0,0.0,0.0,4.775
858,NODE_859_length_3680_cov_5.411862,3680,8.596601073345258,0.0,0.0,0.0,0.0,0.0,0.0,0.0,0.0,0.0,2.558139534883721,0.0,6.038461538461538
860,NODE_861_length_3675_cov_6.638950,3675,9.869046742730951,0.0,0.0,0.0,0.0,0.0,0.0,0.0,0.0,0.0,0.9473684210526316,1.2307692307692308,7.69090909090909
866,NODE_867_length_3656_cov_4.973618,3656,7.203252032520325,0.0,0.0,0.0,0.0,0.0,0.0,0.0,0.0,0.0,0.6666666666666666,0.0,6.536585365853658
868,NODE_869_length_3653_cov_5.161757,3653,8.567965367965368,0.0,0.0,0.0,0.0,0.0,0.0,0.0,0.0,1.9333333333333331,0.7619047619047619,0.0,5.872727272727273
870,NODE_871_length_3651_cov_5.175751,3651,13.597637003519356,0.0,0.0,3.1666666666666665,0.0,0.0,1.1538461538461535,0.0,0.0,1.2941176470588236,1.2941176470588236,0.0,6.688888888888889
871,NODE_872_length_3651_cov_4.875417,3651,7.785,0.0,0.0,0.0,0.0,0.0,0.0,0.0,0.0,0.0,1.625,0.0,6.16
875,NODE_876_length_3636_cov_5.349344,3636,7.415860735009671,0.0,0.0,0.0,0.0,0.0,0.0,0.0,0.0,0.0,1.181818181818182,0.0,6.23404255319149
877,NODE_878_length_3633_cov_5.198714,3633,7.053728070175438,0.0,0.0,0.0,0.0,0.0,0.0,0.0,0.0,0.0,1.1578947368421053,0.0,5.895833333333333
880,NODE_881_length_3625_cov_4.859944,3625,8.874300699300699,0.0,0.0,0.0,0.0,0.0,1.3,0.0,0.0,0.0,0.875,1.1538461538461535,5.545454545454546
881,NODE_882_length_3625_cov_4.353221,3625,5.58421052631579,0.0,0.0,0.0,0.0,0.0,0.0,0.0,0.0,0.0,0.4,0.0,5.184210526315789
883,NODE_884_length_3619_cov_4.590067,3619,6.65,0.0,0.0,0.0,0.0,0.0,0.0,0.0,0.0,0.0,0.6,0.0,6.05
885,NODE_886_length_3615_cov_6.010112,3615,8.770212765957448,0.0,0.0,0.0,0.0,0.0,0.0,0.0,0.0,0.0,1.6,0.0,7.170212765957447
886,NODE_887_length_3612_cov_5.241496,3612,6.8933143669985775,0.0,0.0,0.0,0.0,0.0,0.0,0.0,0.0,0.0,0.9473684210526316,0.0,5.945945945945946
887,NODE_888_length_3596_cov_6.075967,3596,7.833455612619222,0.0,0.0,0.0,0.0,0.0,0.0,0.0,0.0,0.0,0.6206896551724138,0.0,7.212765957446808
889,NODE_890_length_3590_cov_6.021782,3590,7.334415584415584,0.0,0.0,0.0,0.0,0.0,0.0,0.0,0.0,0.0,0.8571428571428571,0.0,6.477272727272728
895,NODE_896_length_3578_cov_5.074652,3578,8.61111111111111,0.0,0.0,0.0,0.0,0.0,0.0,0.0,0.0,0.0,2.7222222222222223,0.0,5.888888888888889
899,NODE_900_length_3563_cov_5.887685,3563,8.897435897435898,0.0,0.0,0.0,0.0,0.0,0.0,0.0,0.0,0.0,1.3333333333333333,0.0,7.564102564102564
900,NODE_901_length_3563_cov_5.170182,3563,9.21954595791805,0.0,0.0,0.0,0.0,0.0,0.0,0.0,0.0,1.0833333333333333,1.8571428571428568,0.0,6.27906976744186
901,NODE_902_length_3559_cov_6.339326,3559,7.725,0.0,0.0,0.0,0.0,0.0,0.0,0.0,0.0,0.0,0.0,0.0,7.725
902,NODE_903_length_3558_cov_4.827862,3558,7.546153846153846,0.0,0.0,0.0,0.0,0.0,0.0,0.0,0.0,0.0,1.8461538461538465,0.0,5.7
904,NODE_905_length_3557_cov_4.898629,3557,10.151853025023756,0.0,0.0,0.0,0.0,0.0,0.0,0.0,0.0,1.181818181818182,2.628571428571429,0.0,6.341463414634147
906,NODE_907_length_3553_cov_4.795597,3553,6.677811550151976,0.0,0.0,0.0,0.0,0.0,0.0,0.0,0.0,0.0,0.5714285714285714,0.0,6.1063829787234045
909,NODE_910_length_3543_cov_4.925745,3543,7.2,0.0,0.0,0.0,0.0,0.0,0.0,0.0,0.0,0.0,0.8,0.0,6.4
911,NODE_912_length_3540_cov_5.795983,3540,7.576470588235295,0.0,0.0,0.0,0.0,0.0,0.0,0.0,0.0,0.0,1.1764705882352942,0.0,6.4
918,NODE_919_length_3523_cov_4.627739,3523,8.064784053156146,0.0,0.0,0.0,0.0,0.0,0.0,0.0,0.0,0.0,1.7857142857142858,0.0,6.27906976744186
920,NODE_921_length_3521_cov_6.159261,3521,7.988095238095238,0.0,0.0,0.0,0.0,0.0,0.0,0.0,0.0,0.0,1.25,0.0,6.738095238095238
926,NODE_927_length_3518_cov_3.732313,3518,5.944444444444445,0.0,0.0,0.0,0.0,0.0,0.0,0.0,0.0,0.0,1.5,0.0,4.444444444444445
929,NODE_930_length_3511_cov_4.620081,3511,10.36862745098039,0.0,0.0,0.0,0.0,0.0,0.0,0.0,0.0,0.0,1.8,3.235294117647059,5.333333333333333
940,NODE_941_length_3488_cov_4.360035,3488,6.452574525745257,0.0,0.0,0.0,0.0,0.0,0.0,0.0,0.0,0.0,1.1111111111111112,0.0,5.341463414634147
942,NODE_943_length_3482_cov_5.729209,3482,7.849658002735978,0.0,0.0,0.0,0.0,0.0,0.0,0.0,0.0,0.0,0.4705882352941176,1.1,6.27906976744186
945,NODE_946_length_3477_cov_5.100234,3477,6.461538461538462,0.0,0.0,0.0,0.0,0.0,0.0,0.0,0.0,0.0,0.0,0.0,6.461538461538462
957,NODE_958_length_3455_cov_4.436471,3455,8.573076923076924,0.0,0.0,1.6666666666666667,0.0,0.0,0.0,0.0,0.0,0.0,1.65,0.0,5.256410256410256
958,NODE_959_length_3454_cov_5.374522,3454,6.488372093023256,0.0,0.0,0.0,0.0,0.0,0.0,0.0,0.0,0.0,0.0,0.0,6.488372093023256
966,NODE_967_length_3442_cov_5.851786,3442,11.25765965300849,0.0,0.0,2.888888888888889,0.0,0.0,0.0,0.0,0.0,0.0,1.8571428571428568,0.0,6.511627906976744
973,NODE_974_length_3428_cov_5.744738,3428,9.42753623188406,0.0,0.0,0.0,0.0,0.0,0.0,0.0,0.0,0.0,2.1666666666666665,0.0,7.260869565217392
976,NODE_977_length_3425_cov_6.900890,3425,9.180995475113122,0.0,0.0,0.0,0.0,0.0,0.0,0.0,0.0,0.0,1.4117647058823528,0.0,7.769230769230769
990,NODE_991_length_3399_cov_5.527811,3399,8.238675958188153,0.0,0.0,0.0,0.0,0.0,0.0,0.0,0.0,0.0,1.2142857142857142,0.0,7.024390243902439
996,NODE_997_length_3390_cov_6.498951,3390,10.203252032520323,0.0,0.0,0.0,0.0,0.0,0.0,0.0,0.0,0.0,1.5555555555555556,1.1111111111111112,7.536585365853658
997,NODE_998_length_3390_cov_6.288456,3390,8.920212765957448,0.0,0.0,0.0,0.0,0.0,0.0,0.0,0.0,0.0,1.75,0.0,7.170212765957447
1001,NODE_1002_length_3385_cov_6.352252,3385,8.03393665158371,0.0,0.0,0.0,0.0,0.0,0.0,0.0,0.0,0.0,0.7692307692307693,0.0,7.264705882352941
1013,NODE_1014_length_3369_cov_5.683162,3369,7.0425,0.0,0.0,0.0,0.0,0.0,0.0,0.0,0.0,0.0,0.5625,0.0,6.48
1015,NODE_1016_length_3369_cov_3.894991,3369,7.401960784313726,0.0,0.0,0.0,0.0,0.0,0.0,0.0,0.0,0.0,1.6666666666666667,0.0,5.735294117647059
1018,NODE_1019_length_3364_cov_21.372620,3364,22.33333333333333,0.0,0.0,0.0,0.0,0.0,0.0,0.0,0.0,0.0,1.3333333333333333,0.0,21.0
1031,NODE_1032_length_3336_cov_5.626638,3336,7.649350649350649,0.0,0.0,0.0,0.0,0.0,0.0,0.0,0.0,0.0,0.0,1.3636363636363635,6.285714285714286
1040,NODE_1041_length_3317_cov_5.385040,3317,9.635007849293563,0.0,0.0,1.4615384615384617,0.0,0.0,0.0,0.0,0.0,0.0,0.0,1.5,6.673469387755102
1045,NODE_1046_length_3302_cov_5.214044,3302,7.327702702702703,0.0,0.0,0.0,0.0,0.0,0.0,0.0,0.0,0.0,1.625,0.0,5.702702702702703
1048,NODE_1049_length_3294_cov_5.195431,3294,7.266025641025641,0.0,0.0,0.0,0.0,0.0,0.0,0.0,0.0,0.0,0.625,0.0,6.641025641025641
1049,NODE_1050_length_3293_cov_4.710624,3293,7.841463414634147,0.0,0.0,0.0,0.0,0.0,0.0,0.0,0.0,1.0,1.5,0.0,5.341463414634147
1051,NODE_1052_length_3288_cov_5.508815,3288,7.231111111111111,0.0,0.0,0.0,0.0,0.0,0.0,0.0,0.0,0.0,0.72,0.0,6.511111111111111
1053,NODE_1054_length_3279_cov_4.902605,3279,7.681818181818182,0.0,0.0,0.0,0.0,0.0,0.0,0.0,0.0,0.0,2.227272727272727,0.0,5.454545454545454
1054,NODE_1055_length_3278_cov_7.064536,3278,9.785714285714286,0.0,0.0,0.0,0.0,0.0,0.0,0.0,0.0,0.0,1.0,0.0,8.785714285714286
1056,NODE_1057_length_3277_cov_4.907511,3277,8.431944444444444,0.0,0.0,0.0,0.0,0.0,0.0,0.0,0.0,1.2,1.1875,0.0,6.044444444444444
1057,NODE_1058_length_3276_cov_6.744489,3276,9.358585858585858,0.0,0.0,0.0,0.0,0.0,0.0,0.0,0.0,0.0,1.2222222222222223,0.0,8.136363636363637
1074,NODE_1075_length_3240_cov_5.284772,3240,7.800000000000001,0.0,0.0,0.0,0.0,0.0,0.0,0.0,0.0,0.0,1.4,0.0,6.4
1082,NODE_1083_length_3226_cov_4.511195,3226,7.242894056847545,0.0,0.0,1.7777777777777777,0.0,0.0,0.0,0.0,0.0,0.0,0.0,0.0,5.465116279069767
1083,NODE_1084_length_3225_cov_4.800946,3225,7.775303643724696,0.0,0.0,0.0,0.0,0.0,0.0,0.0,0.0,0.0,1.5384615384615383,0.0,6.2368421052631575
1084,NODE_1085_length_3223_cov_5.414773,3223,9.72222222222222,0.0,0.0,0.0,0.0,0.0,0.0,0.0,0.0,1.0,2.2222222222222223,0.0,6.5
1091,NODE_1092_length_3213_cov_4.808106,3213,6.41025641025641,0.0,0.0,0.0,0.0,0.0,0.0,0.0,0.0,0.0,1.3333333333333333,0.0,5.076923076923077
1105,NODE_1106_length_3192_cov_5.379662,3192,10.552350427350428,0.0,0.0,2.888888888888889,0.0,0.0,0.0,0.0,0.0,0.0,1.125,0.0,6.538461538461538
1112,NODE_1113_length_3182_cov_6.184202,3182,10.338709677419356,0.0,0.0,0.0,0.0,0.0,0.0,0.0,0.0,0.0,2.5,0.0,7.838709677419355
1121,NODE_1122_length_3162_cov_5.644673,3162,12.456762749445677,0.0,0.0,2.333333333333333,0.0,0.0,0.0,0.0,0.0,1.6666666666666667,1.0909090909090908,0.0,7.365853658536586
1127,NODE_1128_length_3149_cov_5.609567,3149,10.389839572192514,0.0,0.0,2.4545454545454546,0.0,0.0,0.0,0.0,0.0,0.0,1.2352941176470589,0.0,6.7
1129,NODE_1130_length_3147_cov_4.053364,3147,6.483108108108108,0.0,0.0,0.0,0.0,0.0,0.0,0.0,0.0,0.0,1.375,0.0,5.108108108108108
1131,NODE_1132_length_3143_cov_5.517487,3143,9.824808184143222,0.0,0.0,0.0,0.0,0.0,0.0,0.0,0.0,1.0,1.411764705882353,0.0,7.413043478260869
1134,NODE_1135_length_3136_cov_5.274911,3136,8.738596491228071,0.0,0.0,0.0,0.0,0.0,0.0,0.0,0.0,0.0,2.1333333333333333,0.0,6.605263157894737
1135,NODE_1136_length_3136_cov_4.948393,3136,9.165497076023392,0.0,0.0,2.421052631578948,0.0,0.0,0.0,0.0,0.0,0.0,0.8,0.0,5.944444444444445
1140,NODE_1141_length_3125_cov_4.856352,3125,7.587848932676518,0.0,0.0,0.0,0.0,0.0,0.0,0.0,0.0,0.0,1.380952380952381,0.0,6.206896551724138
1148,NODE_1149_length_3116_cov_4.352826,3116,11.03931203931204,0.0,0.0,2.5454545454545454,0.0,0.0,0.0,0.0,0.0,1.0,1.818181818181818,0.0,5.675675675675675
1149,NODE_1150_length_3114_cov_4.695979,3114,6.970588235294118,0.0,0.0,0.0,0.0,0.0,0.0,0.0,0.0,0.0,1.0,0.0,5.970588235294118
1151,NODE_1152_length_3110_cov_6.627169,3110,8.22549019607843,0.0,0.0,0.0,0.0,0.0,0.0,0.0,0.0,0.0,1.6666666666666667,0.0,6.5588235294117645
1157,NODE_1158_length_3098_cov_5.278344,3098,8.431288819875776,0.0,0.0,0.0,0.0,0.0,0.0,0.0,0.0,1.4285714285714286,0.9375,0.0,6.065217391304348
1165,NODE_1166_length_3087_cov_5.293536,3087,6.979797979797979,0.0,0.0,0.0,0.0,0.0,0.0,0.0,0.0,0.0,0.8888888888888888,0.0,6.090909090909091
1167,NODE_1168_length_3086_cov_4.854174,3086,8.774064171122994,0.0,0.0,2.1818181818181817,0.0,0.0,0.0,0.0,0.0,0.0,0.7058823529411764,0.0,5.886363636363637
1175,NODE_1176_length_3078_cov_5.541846,3078,7.68997668997669,0.0,0.0,0.0,0.0,0.0,0.0,0.0,0.0,0.0,0.8181818181818181,0.0,6.871794871794871
1176,NODE_1177_length_3075_cov_3.886093,3075,7.542792792792794,0.0,0.0,0.0,0.0,0.0,0.0,0.0,0.0,0.0,2.083333333333333,0.0,5.45945945945946
1185,NODE_1186_length_3065_cov_5.269103,3065,7.767741935483871,0.0,0.0,0.0,0.0,0.0,0.0,0.0,0.0,0.0,1.8,0.0,5.967741935483871
1187,NODE_1188_length_3062_cov_4.491852,3062,7.489304812834225,0.0,0.0,0.0,0.0,0.0,0.0,0.0,0.0,0.0,1.6363636363636365,0.0,5.852941176470588
1193,NODE_1194_length_3058_cov_5.872128,3058,11.791666666666668,0.0,0.0,1.6666666666666667,0.0,0.0,0.0,0.0,0.0,1.6666666666666667,1.7333333333333334,0.0,6.725
1194,NODE_1195_length_3057_cov_8.667555,3057,15.03459595959596,0.0,0.0,2.1818181818181817,0.0,0.0,0.0,0.0,0.0,1.125,1.2000000000000002,0.0,10.52777777777778
1206,NODE_1207_length_3045_cov_6.326087,3045,9.62121212121212,0.0,0.0,0.0,0.0,0.0,0.0,0.0,0.0,0.0,2.1666666666666665,0.0,7.454545454545454
1207,NODE_1208_length_3045_cov_6.123746,3045,9.581818181818182,0.0,0.0,0.0,0.0,0.0,0.0,0.0,0.0,0.0,2.1818181818181817,0.0,7.4
1213,NODE_1214_length_3036_cov_5.617578,3036,8.601851851851851,0.0,0.0,0.0,0.0,0.0,0.0,0.0,0.0,0.0,2.4166666666666665,0.0,6.185185185185185
1215,NODE_1216_length_3033_cov_5.461048,3033,10.4,0.0,0.0,2.25,0.0,0.0,0.0,0.0,0.0,0.0,1.875,0.0,6.275
1222,NODE_1223_length_3025_cov_5.953199,3025,9.15909090909091,0.0,0.0,0.0,0.0,0.0,0.0,0.0,0.0,0.0,1.9090909090909087,0.0,7.25
1224,NODE_1225_length_3021_cov_4.955496,3021,8.911764705882353,0.0,0.0,0.0,0.0,0.0,0.0,0.0,0.0,0.0,3.0,0.0,5.911764705882353
1228,NODE_1229_length_3019_cov_5.500675,3019,11.913624787775891,0.0,0.0,2.125,0.0,0.0,0.0,0.0,0.0,1.0,2.7096774193548385,0.0,6.078947368421052
1229,NODE_1230_length_3017_cov_4.517218,3017,6.543269230769231,0.0,0.0,0.0,0.0,0.0,0.0,0.0,0.0,0.0,1.2307692307692308,0.0,5.3125
1250,NODE_1251_length_2986_cov_4.414193,2986,6.490842490842491,0.0,0.0,0.0,0.0,0.0,0.0,0.0,0.0,0.0,1.2857142857142858,0.0,5.205128205128205
1253,NODE_1254_length_2980_cov_5.849231,2980,11.541666666666668,0.0,0.0,1.75,0.0,0.0,0.0,0.0,0.0,1.0,1.875,0.0,6.916666666666667
1262,NODE_1263_length_2968_cov_4.426365,2968,6.05832449628844,0.0,0.0,0.0,0.0,0.0,0.0,0.0,0.0,0.0,0.5217391304347826,0.0,5.536585365853658
1275,NODE_1276_length_2958_cov_5.223562,2958,7.972972972972973,0.0,0.0,0.0,0.0,0.0,0.0,0.0,0.0,0.0,2.0,0.0,5.972972972972973
1292,NODE_1293_length_2944_cov_4.678089,2944,6.83739837398374,0.0,0.0,0.0,0.0,0.0,0.0,0.0,0.0,0.0,0.6666666666666666,0.0,6.170731707317073
1296,NODE_1297_length_2937_cov_4.038168,2937,6.204334365325078,0.0,0.0,0.0,0.0,0.0,0.0,0.0,0.0,0.0,0.9411764705882352,0.0,5.2631578947368425
1311,NODE_1312_length_2925_cov_4.837282,2925,7.6875,0.0,0.0,0.0,0.0,0.0,0.0,0.0,0.0,0.0,1.3125,0.0,6.375
1317,NODE_1318_length_2911_cov_6.409314,2911,8.935661764705882,0.0,0.0,0.0,0.0,0.0,0.0,0.0,0.0,0.0,0.5294117647058824,0.0,8.40625
1337,NODE_1338_length_2881_cov_5.719745,2881,9.924924924924923,0.0,0.0,0.0,0.0,0.0,0.0,0.0,0.0,1.0,2.2222222222222223,0.0,6.702702702702703
1355,NODE_1356_length_2864_cov_4.817729,2864,6.856060606060606,0.0,0.0,0.0,0.0,0.0,0.0,0.0,0.0,0.0,1.25,0.0,5.606060606060606
1359,NODE_1360_length_2859_cov_7.671184,2859,13.063492063492063,0.0,0.0,2.4285714285714284,0.0,0.0,1.1666666666666667,0.0,0.0,0.0,1.1111111111111112,0.0,8.357142857142858
1360,NODE_1361_length_2856_cov_5.928597,2856,12.563852813852812,0.0,0.0,1.9090909090909087,0.0,0.0,1.8333333333333333,0.0,0.0,1.0,1.5,0.0,6.321428571428571
1364,NODE_1365_length_2853_cov_5.264832,2853,7.180925666199158,0.0,0.0,0.0,0.0,0.0,0.0,0.0,0.0,0.0,1.826086956521739,0.0,5.354838709677419
1366,NODE_1367_length_2850_cov_6.879428,2850,9.357142857142858,0.0,0.0,0.0,0.0,0.0,0.0,0.0,0.0,0.0,1.3571428571428572,0.0,8.0
1367,NODE_1368_length_2849_cov_4.232641,2849,7.194957983193277,0.0,0.0,0.0,0.0,0.0,0.0,0.0,0.0,0.0,1.8235294117647056,0.0,5.371428571428571
1371,NODE_1372_length_2846_cov_4.718022,2846,9.528822055137844,0.0,0.0,0.0,0.0,0.0,0.0,0.0,0.0,1.0,2.4761904761904763,0.0,6.052631578947368
1376,NODE_1377_length_2839_cov_5.010057,2839,8.36046511627907,0.0,0.0,0.0,0.0,0.0,0.0,0.0,0.0,1.0,1.5,0.0,5.8604651162790695
1377,NODE_1378_length_2837_cov_4.476636,2837,8.013824884792626,0.0,0.0,0.0,0.0,0.0,0.0,0.0,0.0,0.0,2.142857142857143,0.0,5.870967741935484
1391,NODE_1392_length_2820_cov_5.537794,2820,9.307142857142855,0.0,0.0,0.0,0.0,0.0,0.0,0.0,0.0,0.0,1.6,1.3571428571428572,6.35
1399,NODE_1400_length_2817_cov_4.103548,2817,7.523809523809524,0.0,0.0,0.0,0.0,0.0,0.0,0.0,0.0,1.0,1.1904761904761905,0.0,5.333333333333333
1400,NODE_1401_length_2816_cov_4.221659,2816,6.514285714285714,0.0,0.0,0.0,0.0,0.0,0.0,0.0,0.0,0.0,2.0,0.0,4.514285714285714
1410,NODE_1411_length_2805_cov_4.189455,2805,9.670462387853693,0.0,0.0,2.071428571428572,0.0,0.0,0.0,0.0,0.0,1.3333333333333333,1.2222222222222223,0.0,5.043478260869565
1424,NODE_1425_length_2794_cov_5.634903,2794,13.664488017429194,0.0,0.0,2.2222222222222223,0.0,0.0,0.0,0.0,0.0,0.0,2.703703703703704,1.4444444444444444,7.294117647058823
1431,NODE_1432_length_2786_cov_5.533504,2786,6.625,0.0,0.0,0.0,0.0,0.0,0.0,0.0,0.0,0.0,0.0,0.0,6.625
1439,NODE_1440_length_2777_cov_4.631154,2777,11.535714285714285,0.0,0.0,2.142857142857143,0.0,0.0,0.0,0.0,0.0,0.0,3.142857142857143,0.0,6.25
1445,NODE_1446_length_2769_cov_7.439573,2769,9.29375,0.0,0.0,0.0,0.0,0.0,0.0,0.0,0.0,0.0,1.2,0.0,8.09375
1455,NODE_1456_length_2758_cov_4.469108,2758,8.66878306878307,0.0,0.0,0.0,0.0,0.0,0.0,0.0,0.0,0.0,0.0,2.925925925925926,5.742857142857143
1461,NODE_1462_length_2751_cov_4.343843,2751,7.1060606060606055,0.0,0.0,0.0,0.0,0.0,0.0,0.0,0.0,0.0,1.681818181818182,0.0,5.424242424242424
1462,NODE_1463_length_2749_cov_6.020787,2749,7.7105263157894735,0.0,0.0,0.0,0.0,0.0,0.0,0.0,0.0,0.0,1.0,0.0,6.7105263157894735
1469,NODE_1470_length_2742_cov_6.038333,2742,9.59090909090909,0.0,0.0,0.0,0.0,0.0,0.0,0.0,0.0,0.0,2.1666666666666665,0.0,7.424242424242424
1471,NODE_1472_length_2742_cov_3.544101,2742,4.62962962962963,0.0,0.0,0.0,0.0,0.0,0.0,0.0,0.0,0.0,0.0,0.0,4.62962962962963
1472,NODE_1473_length_2740_cov_6.048045,2740,9.234782608695651,0.0,0.0,0.0,0.0,0.0,0.0,0.0,0.0,0.0,2.4347826086956523,0.0,6.8
1475,NODE_1476_length_2738_cov_5.498695,2738,9.256410256410255,0.0,0.0,0.0,0.0,0.0,0.0,0.0,0.0,0.0,2.0,0.0,7.256410256410256
1477,NODE_1478_length_2738_cov_4.138651,2738,6.727554179566564,0.0,0.0,0.0,0.0,0.0,0.0,0.0,0.0,0.0,1.3157894736842106,0.0,5.411764705882353
1478,NODE_1479_length_2737_cov_4.402685,2737,9.160984848484848,0.0,0.0,0.0,0.0,0.0,0.0,0.0,0.0,1.181818181818182,2.4166666666666665,0.0,5.5625
1481,NODE_1482_length_2736_cov_3.300261,2736,8.77948717948718,0.0,0.0,0.0,0.0,0.0,1.2666666666666666,0.0,0.0,0.0,2.230769230769231,0.0,5.282051282051282
1482,NODE_1483_length_2735_cov_4.629104,2735,8.044117647058822,0.0,0.0,0.0,0.0,0.0,0.0,0.0,0.0,0.0,1.75,0.0,6.294117647058823
1485,NODE_1486_length_2733_cov_3.766990,2733,5.863636363636364,0.0,0.0,0.0,0.0,0.0,0.0,0.0,0.0,0.0,1.1666666666666667,0.0,4.696969696969697
1488,NODE_1489_length_2731_cov_4.792975,2731,7.463636363636363,0.0,0.0,0.0,0.0,0.0,0.0,0.0,0.0,0.0,1.3636363636363635,0.0,6.1
1494,NODE_1495_length_2724_cov_4.361184,2724,6.600478468899521,0.0,0.0,0.0,0.0,0.0,0.0,0.0,0.0,0.0,1.3636363636363635,0.0,5.2368421052631575
1505,NODE_1506_length_2711_cov_4.855422,2711,11.387522281639928,0.0,0.0,1.9090909090909087,0.0,0.0,1.0,0.0,0.0,0.0,2.411764705882353,0.0,6.066666666666666
1506,NODE_1507_length_2711_cov_4.335843,2711,7.334620334620334,0.0,0.0,0.0,0.0,0.0,0.0,0.0,0.0,0.0,2.523809523809524,0.0,4.8108108108108105
1522,NODE_1523_length_2691_cov_5.994310,2691,7.135135135135135,0.0,0.0,0.0,0.0,0.0,0.0,0.0,0.0,0.0,0.0,0.0,7.135135135135135
1526,NODE_1527_length_2686_cov_5.280122,2686,7.528044871794871,0.0,0.0,0.0,0.0,0.0,0.0,0.0,0.0,0.0,1.65625,0.0,5.871794871794871
1531,NODE_1532_length_2683_cov_5.136606,2683,7.812217194570135,0.0,0.0,0.0,0.0,0.0,0.0,0.0,0.0,0.0,1.0769230769230769,0.0,6.735294117647059
1539,NODE_1540_length_2676_cov_5.173979,2676,9.105555555555556,0.0,0.0,0.0,0.0,0.0,0.0,0.0,0.0,0.0,1.8,1.0,6.305555555555555
1542,NODE_1543_length_2672_cov_5.565915,2672,8.93212669683258,0.0,0.0,0.0,0.0,0.0,0.0,0.0,0.0,0.0,2.4705882352941178,0.0,6.461538461538462
1564,NODE_1565_length_2653_cov_4.687067,2653,7.7214285714285715,0.0,0.0,0.0,0.0,0.0,0.0,0.0,0.0,0.0,1.55,0.0,6.171428571428572
1576,NODE_1577_length_2645_cov_5.409266,2645,11.2022113022113,0.0,0.0,2.4,0.0,0.0,0.0,0.0,0.0,0.0,2.0454545454545454,0.0,6.756756756756757
1578,NODE_1579_length_2640_cov_4.879691,2640,7.111627906976745,0.0,0.0,0.0,0.0,0.0,0.0,0.0,0.0,0.0,1.6,0.0,5.511627906976744
1584,NODE_1585_length_2636_cov_5.173189,2636,10.724789915966388,0.0,0.0,1.8571428571428568,0.0,0.0,0.0,0.0,0.0,0.0,2.25,1.0,5.617647058823529
1585,NODE_1586_length_2635_cov_4.297287,2635,8.366071428571429,0.0,0.0,0.0,0.0,0.0,0.0,0.0,0.0,0.0,3.4285714285714284,0.0,4.9375
1599,NODE_1600_length_2619_cov_6.118565,2619,10.579877112135176,0.0,0.0,0.0,0.0,0.0,0.0,0.0,0.0,0.0,1.8333333333333333,1.7142857142857142,7.032258064516129
1611,NODE_1612_length_2610_cov_5.325636,2610,9.598484848484848,0.0,0.0,0.0,0.0,0.0,0.0,0.0,0.0,1.0,1.75,0.0,6.848484848484849
1619,NODE_1620_length_2601_cov_6.086410,2601,10.548387096774194,0.0,0.0,0.0,0.0,0.0,0.0,0.0,0.0,1.0,2.806451612903226,0.0,6.741935483870968
1625,NODE_1626_length_2590_cov_6.483629,2590,10.374807987711216,0.0,0.0,2.4285714285714284,0.0,0.0,0.0,0.0,0.0,0.0,2.333333333333333,0.0,5.612903225806452
1628,NODE_1629_length_2587_cov_5.148104,2587,7.480938416422287,0.0,0.0,0.0,0.0,0.0,0.0,0.0,0.0,0.0,1.5454545454545454,0.0,5.935483870967742
1637,NODE_1638_length_2582_cov_4.420261,2582,10.657509157509155,0.0,0.0,2.6666666666666665,1.0,0.0,0.0,0.0,0.0,0.0,1.9523809523809523,0.0,5.038461538461538
1638,NODE_1639_length_2581_cov_5.678543,2581,7.241379310344827,0.0,0.0,0.0,0.0,0.0,0.0,0.0,0.0,1.0,0.0,0.0,6.241379310344827
1640,NODE_1641_length_2580_cov_4.524752,2580,7.517857142857142,0.0,0.0,0.0,0.0,0.0,0.0,0.0,0.0,0.0,1.6428571428571428,0.0,5.875
1649,NODE_1650_length_2572_cov_3.723878,2572,10.353174603174605,0.0,0.0,0.0,0.0,0.0,0.0,0.0,0.0,1.0,2.888888888888889,1.5714285714285714,4.892857142857143
1651,NODE_1652_length_2571_cov_5.259141,2571,8.20508166969147,0.0,0.0,0.0,0.0,0.0,0.0,0.0,0.0,0.0,1.894736842105263,0.0,6.310344827586207
1662,NODE_1663_length_2564_cov_4.611399,2564,12.326780626780629,0.0,0.0,2.7,1.0,0.0,0.0,0.0,0.0,0.0,1.9230769230769231,1.0,5.703703703703703
1667,NODE_1668_length_2561_cov_6.987630,2561,14.5800051203277,0.0,0.0,3.111111111111111,0.0,0.0,0.0,0.0,0.0,0.0,1.75,1.4285714285714286,8.290322580645162
1689,NODE_1690_length_2538_cov_4.782521,2538,5.975328947368421,0.0,0.0,0.0,0.0,0.0,0.0,0.0,0.0,0.0,0.631578947368421,0.0,5.34375
1691,NODE_1692_length_2537_cov_5.269138,2537,10.750000000000002,0.0,0.0,3.0,0.0,0.0,0.0,0.0,0.0,0.0,1.7857142857142858,0.0,5.964285714285714
1705,NODE_1706_length_2528_cov_7.439951,2528,13.592592592592592,0.0,0.0,0.0,0.0,0.0,0.0,0.0,0.0,1.0,3.2962962962962963,1.0,8.296296296296296
1719,NODE_1720_length_2514_cov_4.533550,2514,7.141494435612083,0.0,0.0,0.0,0.0,0.0,0.0,0.0,0.0,0.0,1.411764705882353,0.0,5.72972972972973
1725,NODE_1726_length_2511_cov_7.304153,2511,9.8,0.0,0.0,0.0,0.0,0.0,0.0,0.0,0.0,0.0,1.8,0.0,8.0
1726,NODE_1727_length_2511_cov_5.756515,2511,9.599400871459697,0.0,0.0,1.375,0.0,0.0,0.0,0.0,0.0,0.0,1.7058823529411764,0.0,6.518518518518518
1738,NODE_1739_length_2497_cov_6.441441,2497,8.503676470588236,0.0,0.0,0.0,0.0,0.0,0.0,0.0,0.0,0.0,1.5625,0.0,6.941176470588236
1746,NODE_1747_length_2492_cov_6.494460,2492,8.901185770750988,0.0,0.0,0.0,0.0,0.0,0.0,0.0,0.0,0.0,2.1739130434782608,0.0,6.727272727272728
1752,NODE_1753_length_2488_cov_4.302918,2488,7.170588235294118,0.0,0.0,0.0,0.0,0.0,0.0,0.0,0.0,1.0,1.2000000000000002,0.0,4.970588235294118
1763,NODE_1764_length_2482_cov_5.868562,2482,7.166666666666667,0.0,0.0,0.0,0.0,0.0,0.0,0.0,0.0,0.0,0.0,0.0,7.166666666666667
1770,NODE_1771_length_2476_cov_4.817431,2476,5.942857142857143,0.0,0.0,0.0,0.0,0.0,0.0,0.0,0.0,0.0,0.0,0.0,5.942857142857143
1771,NODE_1772_length_2476_cov_4.197439,2476,8.203030303030303,0.0,0.0,0.0,0.0,0.0,0.0,0.0,0.0,1.0,2.136363636363636,0.0,5.066666666666666
1774,NODE_1775_length_2474_cov_5.639520,2474,11.14176245210728,0.0,0.0,2.0,0.0,0.0,0.0,0.0,0.0,0.0,1.5555555555555556,1.0,6.586206896551724
1778,NODE_1779_length_2473_cov_5.632341,2473,6.652173913043479,0.0,0.0,0.0,0.0,0.0,0.0,0.0,0.0,0.0,0.0,0.0,6.652173913043479
1779,NODE_1780_length_2473_cov_5.427626,2473,9.113636363636363,0.0,0.0,0.0,0.0,0.0,0.0,0.0,0.0,1.0,1.75,0.0,6.363636363636363
1783,NODE_1784_length_2469_cov_6.074979,2469,9.725925925925926,0.0,0.0,0.0,0.0,0.0,0.0,0.0,0.0,0.0,2.925925925925926,0.0,6.8
1785,NODE_1786_length_2469_cov_4.938691,2469,10.140789473684212,0.0,0.0,1.625,0.0,0.0,0.0,0.0,0.0,0.0,2.3157894736842106,0.0,6.2
1789,NODE_1790_length_2467_cov_4.410448,2467,8.186234817813766,0.0,0.0,0.0,0.0,0.0,0.0,0.0,0.0,0.0,2.263157894736842,0.0,5.923076923076923
1810,NODE_1811_length_2454_cov_3.681117,2454,5.331550802139037,0.0,0.0,0.0,0.0,0.0,0.0,0.0,0.0,0.0,1.0588235294117647,0.0,4.2727272727272725
1811,NODE_1812_length_2453_cov_5.698499,2453,11.016666666666667,0.0,0.0,0.0,0.0,0.0,0.0,0.0,0.0,1.1,3.583333333333333,0.0,6.333333333333333
1817,NODE_1818_length_2448_cov_3.949018,2448,4.794117647058823,0.0,0.0,0.0,0.0,0.0,0.0,0.0,0.0,0.0,0.0,0.0,4.794117647058823
1824,NODE_1825_length_2443_cov_7.417923,2443,15.782792207792207,0.0,0.0,3.571428571428572,0.0,0.0,0.0,0.0,0.0,0.0,2.136363636363636,1.375,8.7
1825,NODE_1826_length_2443_cov_3.885260,2443,8.688585607940446,0.0,0.0,0.0,0.0,0.0,0.0,0.0,0.0,0.0,3.269230769230769,0.0,5.419354838709677
1836,NODE_1837_length_2433_cov_4.961733,2433,6.677777777777777,0.0,0.0,0.0,0.0,0.0,0.0,0.0,0.0,0.0,1.1111111111111112,0.0,5.566666666666666
1844,NODE_1845_length_2426_cov_5.867988,2426,8.810256410256411,0.0,0.0,0.0,0.0,0.0,0.0,0.0,0.0,0.0,1.7333333333333334,0.0,7.076923076923077
1848,NODE_1849_length_2422_cov_5.337136,2422,11.256493506493506,0.0,0.0,3.142857142857143,0.0,0.0,0.0,0.0,0.0,0.0,0.75,1.181818181818182,6.181818181818182
1849,NODE_1850_length_2422_cov_4.587664,2422,9.228985507246378,0.0,0.0,0.0,0.0,0.0,0.0,1.0,0.0,0.0,1.5333333333333334,1.0,5.695652173913044
1850,NODE_1851_length_2419_cov_13.317259,2419,19.375,0.0,0.0,0.0,0.0,0.0,0.0,0.0,0.0,0.0,3.375,0.0,16.0
1866,NODE_1867_length_2406_cov_4.082093,2406,5.354838709677419,0.0,0.0,0.0,0.0,0.0,0.0,0.0,0.0,0.0,0.0,0.0,5.354838709677419
1868,NODE_1869_length_2405_cov_7.075319,2405,12.622549019607842,0.0,0.0,2.6666666666666665,0.0,0.0,0.0,0.0,0.0,0.0,1.75,0.0,8.205882352941176
1869,NODE_1870_length_2405_cov_5.879574,2405,8.37246963562753,0.0,0.0,0.0,0.0,0.0,0.0,0.0,0.0,0.0,1.5263157894736843,0.0,6.846153846153846
1870,NODE_1871_length_2405_cov_4.298298,2405,7.0344827586206895,0.0,0.0,0.0,0.0,0.0,0.0,0.0,0.0,0.0,2.0,0.0,5.0344827586206895
1877,NODE_1878_length_2398_cov_6.600939,2398,9.805059523809524,0.0,0.0,0.0,0.0,0.0,0.0,0.0,0.0,0.0,2.523809523809524,0.0,7.28125
1881,NODE_1882_length_2395_cov_4.971795,2395,9.410571884256097,0.0,0.0,0.0,0.0,0.0,0.0,0.0,0.0,0.0,1.947368421052632,1.8571428571428568,5.606060606060606
1883,NODE_1884_length_2393_cov_6.397776,2393,10.331550802139038,0.0,0.0,0.0,0.0,0.0,0.0,0.0,0.0,0.0,2.772727272727273,0.0,7.558823529411764
1916,NODE_1917_length_2361_cov_4.348656,2361,7.5331564986737405,0.0,0.0,0.0,0.0,0.0,0.0,0.0,0.0,0.0,2.1538461538461537,0.0,5.379310344827586
1924,NODE_1925_length_2358_cov_5.173686,2358,8.739495798319329,0.0,0.0,0.0,0.0,0.0,0.0,0.0,0.0,1.0,0.8571428571428571,0.0,6.882352941176471
1926,NODE_1927_length_2357_cov_4.749783,2357,11.023809523809526,0.0,0.0,1.5,1.1666666666666667,0.0,0.0,0.0,0.0,0.0,2.857142857142857,0.0,5.5
1928,NODE_1929_length_2355_cov_5.661739,2355,9.607142857142858,0.0,0.0,0.0,0.0,0.0,0.0,0.0,0.0,1.0,2.0,0.0,6.607142857142857
1934,NODE_1935_length_2352_cov_4.231171,2352,7.501960784313725,0.0,0.0,0.0,0.0,0.0,0.0,0.0,0.0,0.0,2.235294117647059,0.0,5.266666666666667
1946,NODE_1947_length_2344_cov_5.432503,2344,9.03896103896104,0.0,0.0,0.0,0.0,0.0,0.0,0.0,0.0,0.0,1.8571428571428568,0.0,7.181818181818182
1951,NODE_1952_length_2340_cov_6.861707,2340,10.93939393939394,0.0,0.0,0.0,0.0,0.0,0.0,0.0,0.0,0.0,1.9090909090909087,0.0,9.030303030303031
1956,NODE_1957_length_2339_cov_5.750876,2339,10.657142857142858,0.0,0.0,2.5,0.0,0.0,0.0,0.0,0.0,0.0,0.8571428571428571,0.0,7.3
1957,NODE_1958_length_2339_cov_5.492119,2339,9.858990147783253,0.0,0.0,0.0,0.0,0.0,0.0,0.0,0.0,1.125,2.2857142857142856,0.0,6.448275862068965
1977,NODE_1978_length_2322_cov_5.103220,2322,9.544927536231883,0.0,0.0,0.0,0.0,0.0,0.0,0.0,0.0,1.0,2.066666666666667,0.0,6.478260869565218
1994,NODE_1995_length_2311_cov_5.081117,2311,7.635477582846003,0.0,0.0,0.0,0.0,0.0,0.0,0.0,0.0,0.0,1.894736842105263,0.0,5.7407407407407405
2006,NODE_2007_length_2302_cov_4.378727,2302,11.452272727272728,0.0,0.0,2.6666666666666665,0.0,0.0,0.0,0.0,0.0,1.1,2.227272727272727,0.0,5.458333333333333
2022,NODE_2023_length_2288_cov_5.536946,2288,10.445054945054943,0.0,0.0,1.7142857142857142,0.0,0.0,1.0,0.0,0.0,0.0,1.2307692307692308,0.0,6.5
2034,NODE_2035_length_2281_cov_6.212489,2281,7.272727272727272,0.0,0.0,0.0,0.0,0.0,0.0,0.0,0.0,0.0,0.0,0.0,7.272727272727272
2038,NODE_2039_length_2278_cov_6.381916,2278,9.2,0.0,0.0,0.0,0.0,0.0,0.0,0.0,0.0,0.0,1.9,0.0,7.3
2047,NODE_2048_length_2275_cov_3.000000,2275,5.706521739130435,0.0,0.0,0.0,0.0,0.0,0.0,0.0,0.0,0.0,1.75,0.0,3.9565217391304346
2059,NODE_2060_length_2267_cov_5.923599,2267,10.300699300699302,0.0,0.0,0.0,0.0,0.0,0.0,0.0,0.0,1.0,1.9545454545454544,0.0,7.346153846153846
2062,NODE_2063_length_2266_cov_3.924469,2266,5.579545454545454,0.0,0.0,0.0,0.0,0.0,0.0,0.0,0.0,0.0,1.125,0.0,4.454545454545454
2065,NODE_2066_length_2265_cov_3.884163,2265,6.375,0.0,0.0,0.0,0.0,0.0,0.0,0.0,0.0,0.0,1.5,0.0,4.875
2066,NODE_2067_length_2265_cov_3.847964,2265,8.22745995423341,0.0,0.0,0.0,0.0,0.0,0.0,0.0,0.0,0.0,2.1578947368421053,1.2,4.869565217391305
2086,NODE_2087_length_2251_cov_4.278233,2251,8.928571428571429,0.0,0.0,0.0,0.0,0.0,0.0,0.0,0.0,1.0,1.7142857142857142,1.0,5.214285714285714
2100,NODE_2101_length_2243_cov_5.460695,2243,7.509615384615385,0.0,0.0,0.0,0.0,0.0,0.0,0.0,0.0,0.0,1.125,0.0,6.384615384615385
2106,NODE_2107_length_2240_cov_5.669565,2240,13.198621553884712,0.0,0.0,3.6666666666666665,0.0,0.0,0.0,0.0,0.0,0.0,2.210526315789474,0.0,7.321428571428571
2114,NODE_2115_length_2237_cov_4.858845,2237,5.5,0.0,0.0,0.0,0.0,0.0,0.0,0.0,0.0,0.0,0.0,0.0,5.5
2118,NODE_2119_length_2235_cov_5.252752,2235,9.167582417582418,0.0,0.0,0.0,0.0,0.0,0.0,0.0,0.0,1.0,1.8461538461538465,0.0,6.321428571428571
2127,NODE_2128_length_2231_cov_6.892463,2231,9.572649572649572,0.0,0.0,0.0,0.0,0.0,0.0,0.0,0.0,0.0,2.111111111111111,0.0,7.461538461538462
2132,NODE_2133_length_2229_cov_5.849126,2229,7.763636363636364,0.0,0.0,0.0,0.0,0.0,0.0,0.0,0.0,0.0,0.0,1.3636363636363635,6.4
2145,NODE_2146_length_2222_cov_6.312875,2222,8.75682382133995,0.0,0.0,0.0,0.0,0.0,0.0,0.0,0.0,0.0,0.0,0.6923076923076923,8.064516129032258
2157,NODE_2158_length_2215_cov_4.963426,2215,7.038461538461538,0.0,0.0,0.0,0.0,0.0,0.0,0.0,0.0,1.0,0.0,0.0,6.038461538461538
2168,NODE_2169_length_2207_cov_5.688197,2207,7.576923076923077,0.0,0.0,0.0,0.0,0.0,0.0,0.0,0.0,0.0,0.0,0.0,7.576923076923077
2174,NODE_2175_length_2202_cov_4.771775,2202,6.51505016722408,0.0,0.0,0.0,0.0,0.0,0.0,0.0,0.0,0.0,1.3846153846153846,0.0,5.130434782608695
2179,NODE_2180_length_2197_cov_4.617647,2197,8.0,0.0,0.0,1.6666666666666667,0.0,0.0,0.0,0.0,0.0,0.0,0.0,0.0,6.333333333333333
2187,NODE_2188_length_2195_cov_4.625234,2195,6.9907407407407405,0.0,0.0,0.0,0.0,0.0,0.0,0.0,0.0,0.0,1.25,0.0,5.7407407407407405
2188,NODE_2189_length_2194_cov_8.268817,2194,11.24587912087912,0.0,0.0,1.125,0.0,0.0,0.0,0.0,0.0,0.0,1.4285714285714286,0.0,8.692307692307692
2190,NODE_2191_length_2193_cov_5.919551,2193,8.590909090909092,0.0,0.0,0.0,0.0,0.0,0.0,0.0,0.0,0.0,1.8333333333333333,0.0,6.757575757575758
2197,NODE_2198_length_2191_cov_5.597846,2191,9.294871794871796,0.0,0.0,0.0,0.0,0.0,0.0,0.0,0.0,0.0,2.0,1.3333333333333333,5.961538461538462
2242,NODE_2243_length_2164_cov_5.931721,2164,12.863095238095235,0.0,0.0,2.333333333333333,0.0,0.0,0.0,0.0,0.0,1.0,1.9047619047619049,1.5,6.125
2261,NODE_2262_length_2154_cov_3.626965,2154,6.233333333333333,0.0,0.0,0.0,0.0,0.0,0.0,0.0,0.0,0.0,1.7333333333333334,0.0,4.5
2284,NODE_2285_length_2140_cov_5.738129,2140,10.076455026455026,0.0,0.0,0.0,0.0,0.0,0.0,0.0,0.0,1.2857142857142858,2.05,0.0,6.7407407407407405
2286,NODE_2287_length_2139_cov_5.493762,2139,7.847198641765705,0.0,0.0,0.0,0.0,0.0,0.0,0.0,0.0,0.0,1.105263157894737,0.0,6.741935483870968
2290,NODE_2291_length_2137_cov_5.751681,2137,9.341025641025642,0.0,0.0,0.0,0.0,0.0,0.0,0.0,0.0,0.0,2.3076923076923075,0.0,7.033333333333333
2294,NODE_2295_length_2135_cov_4.730769,2135,9.528985507246375,0.0,0.0,0.0,0.0,0.0,2.0,0.0,0.0,0.0,1.8333333333333333,0.0,5.695652173913044
2297,NODE_2298_length_2133_cov_5.172762,2133,9.380434782608695,0.0,0.0,0.0,0.0,0.0,0.0,0.0,0.0,1.0,1.25,0.0,7.130434782608695
2299,NODE_2300_length_2132_cov_5.734714,2132,8.96218487394958,0.0,0.0,2.176470588235294,0.0,0.0,0.0,0.0,0.0,0.0,0.0,0.0,6.785714285714286
2306,NODE_2307_length_2129_cov_4.649470,2129,10.675465838509318,0.0,0.0,1.8571428571428568,0.0,0.0,0.0,0.0,0.0,1.0,1.7826086956521738,0.0,6.035714285714286
2325,NODE_2326_length_2121_cov_6.288964,2121,10.271679197994988,0.0,0.0,0.0,0.0,0.0,0.0,0.0,0.0,1.2857142857142858,1.9333333333333331,0.0,7.052631578947368
2328,NODE_2329_length_2119_cov_7.231589,2119,10.173913043478262,0.0,0.0,0.0,0.0,0.0,0.0,0.0,0.0,0.0,3.0,0.0,7.173913043478261
2340,NODE_2341_length_2112_cov_4.182304,2112,7.6,0.0,0.0,0.0,0.0,0.0,0.0,0.0,0.0,0.0,1.4666666666666666,0.0,6.133333333333334
2384,NODE_2385_length_2086_cov_3.850320,2086,6.901538461538462,0.0,0.0,0.0,0.0,0.0,0.0,0.0,0.0,0.0,2.4615384615384617,0.0,4.44
2389,NODE_2390_length_2083_cov_5.785010,2083,15.812318840579708,1.6666666666666667,0.0,3.0,0.0,0.0,1.2,0.0,0.0,1.6,1.65,0.0,6.695652173913044
2401,NODE_2402_length_2076_cov_4.336467,2076,7.661654135338346,0.0,0.0,0.0,0.0,0.0,0.0,0.0,0.0,0.0,2.7142857142857144,0.0,4.947368421052632
2410,NODE_2411_length_2072_cov_4.419435,2072,9.42063492063492,0.0,0.0,2.5,0.0,0.0,0.0,0.0,0.0,0.0,1.4761904761904765,0.0,5.444444444444445
2415,NODE_2416_length_2069_cov_5.543694,2069,13.526806526806528,0.0,0.0,2.0,0.0,0.0,0.0,0.0,0.0,0.0,2.769230769230769,1.0909090909090908,7.666666666666667
2416,NODE_2417_length_2069_cov_4.434955,2069,6.904761904761904,0.0,0.0,0.0,0.0,0.0,0.0,0.0,0.0,0.0,1.3333333333333333,0.0,5.571428571428571
2429,NODE_2430_length_2063_cov_5.485558,2063,12.083597883597882,0.0,0.0,2.142857142857143,0.0,0.0,0.0,0.0,0.0,1.5,1.7,0.0,6.7407407407407405
2433,NODE_2434_length_2061_cov_5.998504,2061,10.133928571428571,0.0,0.0,1.5,0.0,0.0,0.0,0.0,0.0,0.0,1.5625,0.0,7.071428571428571
2439,NODE_2440_length_2059_cov_4.746008,2059,8.130671506352087,0.0,0.0,0.0,0.0,0.0,0.0,0.0,0.0,1.0,1.5789473684210529,0.0,5.551724137931035
2451,NODE_2452_length_2053_cov_6.088088,2053,8.58498023715415,0.0,0.0,0.0,0.0,0.0,0.0,0.0,0.0,0.0,2.130434782608696,0.0,6.454545454545454
2452,NODE_2453_length_2053_cov_5.746747,2053,10.439130434782609,0.0,0.0,2.2,0.0,0.0,0.0,0.0,0.0,0.0,1.5,0.0,6.739130434782608
2453,NODE_2454_length_2053_cov_4.300300,2053,6.803846153846154,0.0,0.0,0.0,0.0,0.0,0.0,0.0,0.0,0.0,2.15,0.0,4.653846153846154
2454,NODE_2455_length_2052_cov_5.986980,2052,7.041666666666667,0.0,0.0,0.0,0.0,0.0,0.0,0.0,0.0,0.0,0.0,0.0,7.041666666666667
2487,NODE_2488_length_2034_cov_4.591208,2034,8.516483516483516,0.0,0.0,0.0,0.0,0.0,0.0,0.0,0.0,1.2857142857142858,2.0,0.0,5.230769230769231
2502,NODE_2503_length_2026_cov_6.849315,2026,7.193548387096774,0.0,0.0,0.0,0.0,0.0,0.0,0.0,0.0,0.0,0.0,0.0,7.193548387096774
2506,NODE_2507_length_2025_cov_6.944162,2025,11.666666666666666,0.0,0.0,2.25,0.0,0.0,0.0,0.0,0.0,0.0,1.25,0.0,8.166666666666666
2517,NODE_2518_length_2020_cov_3.509415,2020,8.953177257525084,0.0,0.0,0.0,0.0,0.0,0.0,0.0,0.0,1.0,1.6923076923076923,1.0,5.260869565217392
2522,NODE_2523_length_2018_cov_4.094244,2018,11.326086956521738,0.0,0.0,3.0,0.0,0.0,0.0,0.0,0.0,1.5,2.0,0.0,4.826086956521739
2531,NODE_2532_length_2015_cov_5.087755,2015,8.55,0.0,0.0,0.0,0.0,0.0,0.0,0.0,0.0,0.0,2.05,0.0,6.5
2537,NODE_2538_length_2012_cov_5.271334,2012,7.494983277591973,0.0,0.0,0.0,0.0,0.0,0.0,0.0,0.0,0.0,1.5384615384615383,0.0,5.956521739130435
2543,NODE_2544_length_2007_cov_7.214139,2007,10.107142857142858,0.0,0.0,0.0,0.0,0.0,0.0,0.0,0.0,0.0,2.25,0.0,7.857142857142857
2544,NODE_2545_length_2006_cov_4.898001,2006,12.151785714285715,0.0,0.0,2.4375,0.0,0.0,1.4285714285714286,0.0,0.0,0.0,1.875,0.875,5.535714285714286
2553,NODE_2554_length_2002_cov_5.573190,2002,9.609311740890687,0.0,0.0,0.0,0.0,0.0,0.0,0.0,0.0,1.0,2.263157894736842,0.0,6.346153846153846
2554,NODE_2555_length_2002_cov_5.080637,2002,9.77961019490255,0.0,0.0,0.0,0.0,0.0,1.0,0.0,0.0,0.0,2.4347826086956523,0.0,6.344827586206897
2555,NODE_2556_length_2002_cov_4.242424,2002,8.73103448275862,0.0,0.0,1.25,0.0,0.0,0.0,0.0,0.0,0.0,2.55,0.0,4.931034482758621
2557,NODE_2558_length_2001_cov_5.187050,2001,7.368421052631579,0.0,0.0,0.0,0.0,0.0,1.0,0.0,0.0,0.0,0.0,0.0,6.368421052631579
2575,NODE_2576_length_1991_cov_4.586260,1991,9.951000690131126,0.0,0.0,2.7142857142857144,0.0,0.0,0.0,0.0,0.0,0.0,1.3478260869565215,0.0,5.888888888888889
2576,NODE_2577_length_1991_cov_4.585227,1991,8.15,0.0,0.0,0.0,0.0,0.0,0.0,0.0,0.0,0.0,1.95,0.0,6.2
2580,NODE_2581_length_1990_cov_4.448579,1990,12.307065217391305,0.0,0.0,3.0,0.0,0.0,1.125,0.0,0.0,0.0,2.3125,1.0,4.869565217391305
2582,NODE_2583_length_1990_cov_4.214470,1990,7.895652173913044,0.0,0.0,2.2,0.0,0.0,0.0,0.0,0.0,0.0,0.0,0.0,5.695652173913044
2597,NODE_2598_length_1984_cov_5.408502,1984,8.21415607985481,0.0,0.0,0.0,0.0,0.0,0.0,0.0,0.0,0.0,2.421052631578948,0.0,5.793103448275862
2604,NODE_2605_length_1982_cov_3.464453,1982,5.416666666666667,0.0,0.0,0.0,0.0,0.0,0.0,0.0,0.0,0.0,0.0,0.0,5.416666666666667
2606,NODE_2607_length_1978_cov_5.089964,1978,7.981060606060605,0.0,0.0,0.0,0.0,0.0,0.0,0.0,0.0,0.0,1.7727272727272727,0.0,6.208333333333333
2610,NODE_2611_length_1976_cov_6.423738,1976,6.636363636363637,0.0,0.0,0.0,0.0,0.0,0.0,0.0,0.0,0.0,0.0,0.0,6.636363636363637
2617,NODE_2618_length_1972_cov_5.528951,1972,8.18153846153846,0.0,0.0,0.0,0.0,0.0,0.0,0.0,0.0,0.0,1.4615384615384617,0.0,6.72
2652,NODE_2653_length_1960_cov_3.950131,1960,10.563492063492063,0.0,0.0,2.6666666666666665,0.0,0.0,0.0,0.0,0.0,1.0,2.2777777777777777,0.0,4.619047619047619
2670,NODE_2671_length_1953_cov_4.391992,1953,6.631578947368421,0.0,0.0,0.0,0.0,0.0,0.0,0.0,0.0,0.0,1.0,0.0,5.631578947368421
2686,NODE_2687_length_1945_cov_7.761376,1945,10.952380952380953,0.0,0.0,0.0,0.0,0.0,0.0,0.0,0.0,0.0,1.9523809523809523,0.0,9.0
2703,NODE_2704_length_1938_cov_3.821030,1938,4.44,0.0,0.0,0.0,0.0,0.0,0.0,0.0,0.0,0.0,0.0,0.0,4.44
2726,NODE_2727_length_1927_cov_3.982372,1927,7.677884615384615,0.0,0.0,0.0,0.0,0.0,0.0,0.0,0.0,0.0,2.0625,0.0,5.615384615384615
2735,NODE_2736_length_1923_cov_6.337259,1923,11.49710144927536,0.0,0.0,0.0,0.0,0.0,0.0,0.0,0.0,0.0,2.7,1.6666666666666667,7.130434782608695
2736,NODE_2737_length_1922_cov_5.761114,1922,12.676190476190476,0.0,0.0,2.0,0.0,0.0,0.0,0.0,0.0,1.8,1.4,0.0,7.476190476190476
2749,NODE_2750_length_1914_cov_4.607316,1914,9.256410256410255,0.0,0.0,2.333333333333333,0.0,0.0,0.0,0.0,0.0,0.0,1.5,0.0,5.423076923076923
2750,NODE_2751_length_1914_cov_4.502959,1914,6.795454545454545,0.0,0.0,0.0,0.0,0.0,0.0,0.0,0.0,0.0,1.5454545454545454,0.0,5.25
2765,NODE_2766_length_1909_cov_4.700647,1909,8.530701754385964,0.0,0.0,0.0,0.0,0.0,0.0,0.0,0.0,1.0,1.947368421052632,0.0,5.583333333333333
2768,NODE_2769_length_1907_cov_7.066955,1907,10.013333333333334,0.0,0.0,0.0,0.0,0.0,0.0,0.0,0.0,0.0,1.3333333333333333,0.0,8.68
2789,NODE_2790_length_1900_cov_4.766938,1900,9.026143790849671,0.0,0.0,0.0,0.0,0.0,0.0,0.0,1.0,0.0,1.5555555555555556,0.0,6.470588235294118
2792,NODE_2793_length_1899_cov_4.356291,1899,8.542857142857143,0.0,0.0,2.142857142857143,0.0,0.0,0.0,0.0,0.0,0.0,0.0,0.0,6.4
2817,NODE_2818_length_1891_cov_4.765795,1891,8.35672514619883,0.0,0.0,0.0,0.0,0.0,0.0,0.0,0.0,1.0,1.7777777777777777,0.0,5.578947368421052
2819,NODE_2820_length_1890_cov_5.720436,1890,10.508484848484848,0.0,0.0,1.6666666666666667,0.0,0.0,0.0,0.0,0.0,0.0,1.681818181818182,0.0,7.16
2845,NODE_2846_length_1881_cov_6.276561,1881,14.11807780320366,0.0,0.0,2.8,0.0,0.0,0.0,0.0,0.0,0.0,2.5789473684210527,1.0,7.739130434782608
2853,NODE_2854_length_1878_cov_6.080088,1878,9.055555555555555,0.0,0.0,0.0,0.0,0.0,0.0,0.0,0.0,0.0,1.5,0.0,7.555555555555555
2854,NODE_2855_length_1878_cov_4.758091,1878,7.208333333333333,0.0,0.0,0.0,0.0,0.0,0.0,0.0,0.0,0.0,1.625,0.0,5.583333333333333
2871,NODE_2872_length_1874_cov_6.349093,1874,12.086538461538462,0.0,0.0,2.333333333333333,0.0,0.0,0.0,0.0,0.0,0.0,1.7916666666666667,0.0,7.961538461538462
2894,NODE_2895_length_1866_cov_8.107123,1866,12.838345864661656,0.0,0.0,0.0,0.0,0.0,2.0,0.0,0.0,0.0,1.7857142857142858,0.0,9.052631578947368
2897,NODE_2898_length_1866_cov_3.741027,1866,6.201739130434783,0.0,0.0,0.0,0.0,0.0,0.0,0.0,0.0,0.0,1.5217391304347827,0.0,4.68
2940,NODE_2941_length_1847_cov_5.301897,1847,7.834224598930481,0.0,0.0,0.0,0.0,0.0,0.0,0.0,0.0,0.0,1.3636363636363635,0.0,6.470588235294118
2957,NODE_2958_length_1842_cov_5.653050,1842,9.565217391304348,0.0,0.0,0.0,0.0,0.0,0.0,0.0,0.0,0.0,1.0,0.0,8.565217391304348
2968,NODE_2969_length_1839_cov_4.640135,1839,10.215789473684213,0.0,0.0,1.4,0.0,0.0,0.0,0.0,0.0,1.0,2.3157894736842106,0.0,5.5
2976,NODE_2977_length_1837_cov_5.151515,1837,8.363636363636363,0.0,0.0,0.0,0.0,0.0,0.0,0.0,0.0,0.0,2.409090909090909,0.0,5.954545454545454
2986,NODE_2987_length_1834_cov_5.874087,1834,9.928571428571429,0.0,0.0,0.0,0.0,0.0,0.0,0.0,0.0,1.0,1.75,0.0,7.178571428571429
3017,NODE_3018_length_1823_cov_4.933824,1823,14.201190476190476,0.0,0.0,2.1666666666666665,1.4,0.0,0.0,0.0,0.0,1.0,2.142857142857143,1.2,6.291666666666667
3089,NODE_3090_length_1800_cov_4.098567,1800,8.083333333333332,0.0,0.0,0.0,0.0,0.0,0.0,0.0,0.0,0.0,2.75,0.0,5.333333333333333
3100,NODE_3101_length_1797_cov_4.518370,1797,8.189743589743589,0.0,0.0,0.0,0.0,0.0,0.0,0.0,0.0,0.0,2.923076923076923,0.0,5.266666666666667
3107,NODE_3108_length_1793_cov_5.640967,1793,8.60909090909091,0.0,0.0,0.0,0.0,0.0,0.0,0.0,0.0,0.0,2.7,0.0,5.909090909090909
3109,NODE_3110_length_1793_cov_4.149022,1793,13.068111455108358,0.0,0.0,3.0,0.0,0.0,1.0,0.0,0.0,1.0,2.647058823529412,0.0,5.421052631578948
3112,NODE_3113_length_1792_cov_6.398964,1792,9.76,0.0,0.0,0.0,0.0,0.0,0.0,0.0,0.0,0.0,2.0,0.0,7.76
3127,NODE_3128_length_1788_cov_4.789383,1788,12.368055555555555,0.0,0.0,2.6666666666666665,0.0,0.0,1.0,0.0,0.0,0.0,1.8125,1.1666666666666667,5.722222222222222
3130,NODE_3131_length_1787_cov_5.494804,1787,8.296675191815858,0.0,0.0,0.0,0.0,0.0,0.0,0.0,0.0,0.0,1.4705882352941178,0.0,6.826086956521739
3131,NODE_3132_length_1787_cov_4.689954,1787,7.353801169590644,0.0,0.0,0.0,0.0,0.0,0.0,0.0,0.0,0.0,1.7222222222222223,0.0,5.631578947368421
3139,NODE_3140_length_1782_cov_4.852345,1782,7.578947368421052,0.0,0.0,0.0,0.0,0.0,0.0,0.0,0.0,0.0,2.0,0.0,5.578947368421052
3143,NODE_3144_length_1781_cov_4.736964,1781,6.130434782608695,0.0,0.0,0.0,0.0,0.0,0.0,0.0,0.0,0.0,1.0,0.0,5.130434782608695
3169,NODE_3170_length_1775_cov_4.375581,1775,9.233333333333334,0.0,0.0,0.0,0.0,0.0,0.0,0.0,0.0,1.0,2.5,0.0,5.733333333333333
3177,NODE_3178_length_1770_cov_4.281050,1770,6.253623188405798,0.0,0.0,0.0,0.0,0.0,0.0,0.0,0.0,0.0,1.1666666666666667,0.0,5.086956521739131
3196,NODE_3197_length_1762_cov_4.360281,1762,8.23913043478261,0.0,0.0,0.0,0.0,0.0,0.0,0.0,0.0,1.0,1.5,0.0,5.739130434782608
3218,NODE_3219_length_1756_cov_4.359788,1756,6.217391304347826,0.0,0.0,0.0,0.0,0.0,0.0,0.0,0.0,0.0,1.0,0.0,5.217391304347826
3235,NODE_3236_length_1748_cov_4.522741,1748,8.055555555555555,0.0,0.0,0.0,0.0,0.0,0.0,0.0,0.0,1.0,1.5555555555555556,0.0,5.5
3239,NODE_3240_length_1747_cov_5.046099,1747,9.161111111111111,0.0,0.0,0.0,0.0,0.0,0.0,0.0,0.0,1.0,2.05,0.0,6.111111111111111
3259,NODE_3260_length_1741_cov_4.468565,1741,9.37962962962963,0.0,0.0,0.0,0.0,0.0,1.0,0.0,0.0,0.0,2.75,0.0,5.62962962962963
3263,NODE_3264_length_1739_cov_4.042755,1739,7.023923444976076,0.0,0.0,0.0,0.0,0.0,0.0,0.0,0.0,0.0,1.8421052631578947,0.0,5.181818181818182
3267,NODE_3268_length_1738_cov_4.669638,1738,6.954545454545454,0.0,0.0,0.0,0.0,0.0,0.0,0.0,0.0,0.0,1.5,0.0,5.454545454545454
3284,NODE_3285_length_1731_cov_5.165274,1731,7.173333333333333,0.0,0.0,0.0,0.0,0.0,0.0,0.0,0.0,0.0,1.3333333333333333,0.0,5.84
3311,NODE_3312_length_1722_cov_5.873425,1722,8.063636363636364,0.0,0.0,0.0,0.0,0.0,0.0,0.0,0.0,0.0,1.3636363636363635,0.0,6.7
3314,NODE_3315_length_1722_cov_4.559688,1722,6.666666666666667,0.0,0.0,0.0,0.0,0.0,0.0,0.0,0.0,0.0,1.6666666666666667,0.0,5.0
3326,NODE_3327_length_1720_cov_3.208408,1720,7.487012987012987,0.0,0.0,0.0,0.0,0.0,0.0,0.0,0.0,1.0,2.2142857142857144,0.0,4.2727272727272725
3333,NODE_3334_length_1716_cov_3.230584,1716,7.822463768115941,0.0,0.0,0.0,0.0,0.0,1.3333333333333333,0.0,0.0,0.0,1.75,0.0,4.739130434782608
3335,NODE_3336_length_1715_cov_4.658434,1715,7.642857142857142,0.0,0.0,0.0,0.0,0.0,0.0,0.0,0.0,0.0,1.6428571428571428,0.0,6.0
3344,NODE_3345_length_1711_cov_5.319444,1711,7.6,0.0,0.0,0.0,0.0,0.0,0.0,0.0,0.0,0.0,1.5,0.0,6.1
3345,NODE_3346_length_1711_cov_5.140097,1711,8.63888888888889,0.0,0.0,0.0,0.0,0.0,0.0,0.0,0.0,0.0,2.583333333333333,0.0,6.055555555555555
3349,NODE_3350_length_1709_cov_2.527207,1709,3.863636363636364,0.0,0.0,0.0,0.0,0.0,0.0,0.0,0.0,0.0,0.0,0.0,3.863636363636364
3351,NODE_3352_length_1708_cov_5.868724,1708,11.196703296703298,0.0,0.0,2.142857142857143,0.0,0.0,0.0,0.0,0.0,0.0,1.4,0.0,7.653846153846154
3376,NODE_3377_length_1700_cov_4.328267,1700,7.770833333333333,0.0,0.0,0.0,0.0,0.0,0.0,0.0,0.0,0.0,2.6875,0.0,5.083333333333333
3401,NODE_3402_length_1692_cov_5.331704,1692,11.62142857142857,0.0,0.0,2.571428571428572,0.0,0.0,0.0,0.0,0.0,1.0,1.2,1.0,5.85
3414,NODE_3415_length_1687_cov_4.824142,1687,6.631578947368421,0.0,0.0,0.0,0.0,0.0,0.0,0.0,0.0,0.0,1.0,0.0,5.631578947368421
3418,NODE_3419_length_1686_cov_4.924586,1686,11.29861111111111,0.0,0.0,0.0,0.0,0.0,0.0,0.0,0.0,1.0,2.6875,1.0,6.611111111111111
3443,NODE_3444_length_1680_cov_4.689846,1680,8.071428571428571,0.0,0.0,0.0,0.0,0.0,0.0,0.0,0.0,0.0,2.1666666666666665,0.0,5.904761904761905
3446,NODE_3447_length_1679_cov_4.408867,1679,11.18421052631579,0.0,0.0,0.0,0.0,0.0,0.0,0.0,0.0,0.0,4.5,0.0,6.684210526315789
3448,NODE_3449_length_1678_cov_5.655576,1678,8.647727272727273,0.0,0.0,0.0,0.0,0.0,0.0,0.0,0.0,0.0,1.375,0.0,7.272727272727272
3449,NODE_3450_length_1677_cov_5.998767,1677,9.173333333333334,0.0,0.0,0.0,0.0,0.0,0.0,0.0,0.0,0.0,1.9333333333333331,0.0,7.24
3454,NODE_3455_length_1676_cov_5.071561,1676,12.85139318885449,0.0,0.0,3.0,0.0,0.0,0.0,0.0,0.0,1.0,2.588235294117647,0.0,6.2631578947368425
3461,NODE_3462_length_1675_cov_3.781481,1675,6.491071428571429,0.0,0.0,0.0,0.0,0.0,0.0,0.0,0.0,0.0,2.0625,0.0,4.428571428571429
3503,NODE_3504_length_1664_cov_5.940957,1664,9.274436090225564,0.0,0.0,0.0,0.0,0.0,0.0,0.0,0.0,0.0,1.6428571428571428,0.0,7.631578947368421
3504,NODE_3505_length_1664_cov_4.476072,1664,6.973684210526316,0.0,0.0,0.0,0.0,0.0,0.0,0.0,0.0,0.0,1.5,0.0,5.473684210526316
3520,NODE_3521_length_1660_cov_7.181308,1660,11.31578947368421,0.0,0.0,0.0,0.0,0.0,0.0,0.0,0.0,0.0,3.3684210526315788,1.0,6.947368421052632
3527,NODE_3528_length_1658_cov_5.489083,1658,10.691304347826089,0.0,0.0,0.0,0.0,0.0,1.0,0.0,0.0,1.0,2.3,0.0,6.391304347826087
3532,NODE_3533_length_1656_cov_4.171143,1656,7.108823529411764,0.0,0.0,0.0,0.0,0.0,0.0,0.0,0.0,0.0,2.0588235294117645,0.0,5.05
3535,NODE_3536_length_1655_cov_3.865625,1655,7.35,0.0,0.0,0.0,0.0,0.0,0.0,0.0,0.0,0.0,2.0,0.0,5.35
3546,NODE_3547_length_1652_cov_3.732624,1652,5.420634920634921,0.0,0.0,0.0,0.0,0.0,0.0,0.0,0.0,0.0,1.1428571428571428,0.0,4.277777777777778
3552,NODE_3553_length_1650_cov_4.163636,1650,6.760869565217392,0.0,0.0,0.0,0.0,0.0,0.0,0.0,0.0,0.0,1.5,0.0,5.260869565217392
3562,NODE_3563_length_1648_cov_5.966102,1648,8.890977443609023,0.0,0.0,0.0,0.0,0.0,0.0,0.0,0.0,0.0,1.7857142857142858,0.0,7.105263157894737
3573,NODE_3574_length_1645_cov_4.157233,1645,7.65,0.0,0.0,0.0,0.0,0.0,0.0,0.0,0.0,1.0,1.2,0.0,5.45
3576,NODE_3577_length_1644_cov_4.920076,1644,10.486233766233768,0.0,0.0,1.8571428571428568,0.0,0.0,0.0,0.0,0.0,0.0,2.909090909090909,0.0,5.72
3577,NODE_3578_length_1644_cov_4.107615,1644,8.641666666666666,0.0,0.0,0.0,0.0,0.0,0.0,0.0,0.0,0.0,2.125,1.25,5.266666666666667
3603,NODE_3604_length_1637_cov_4.922882,1637,11.325,0.0,0.0,0.0,0.0,0.0,0.0,0.0,0.0,0.0,3.7,1.0,6.625
3620,NODE_3621_length_1635_cov_3.981013,1635,6.888888888888888,0.0,0.0,0.0,0.0,0.0,0.0,0.0,0.0,0.0,1.3333333333333333,0.0,5.555555555555555
3635,NODE_3636_length_1631_cov_7.262056,1631,11.729411764705883,0.0,0.0,0.0,0.0,0.0,0.0,0.0,0.0,1.0,3.2,0.0,7.529411764705882
3647,NODE_3648_length_1628_cov_3.407502,1628,7.80952380952381,0.0,0.0,0.0,0.0,0.0,0.0,0.0,0.0,1.0,2.1666666666666665,0.0,4.642857142857143
3695,NODE_3696_length_1612_cov_5.315992,1612,6.882352941176471,0.0,0.0,0.0,0.0,0.0,0.0,0.0,0.0,0.0,1.0,0.0,5.882352941176471
3699,NODE_3700_length_1611_cov_4.483290,1611,8.444444444444445,0.0,0.0,0.0,0.0,0.0,0.0,0.0,0.0,0.0,1.8333333333333333,0.0,6.611111111111111
3701,NODE_3702_length_1610_cov_6.499678,1610,9.666666666666668,0.0,0.0,0.0,0.0,0.0,0.0,1.0,0.0,0.0,0.0,1.0,7.666666666666667
3741,NODE_3742_length_1601_cov_5.161708,1601,10.034615384615384,0.0,0.0,0.0,0.0,0.0,0.0,0.0,0.0,0.0,3.3846153846153846,0.0,6.65
3746,NODE_3747_length_1600_cov_4.717799,1600,6.866028708133971,0.0,0.0,0.0,0.0,0.0,0.0,0.0,0.0,0.0,1.181818181818182,0.0,5.684210526315789
3781,NODE_3782_length_1592_cov_3.905660,1592,8.476691729323308,0.0,0.0,1.5714285714285714,0.0,0.0,0.0,0.0,0.0,0.0,2.1052631578947367,0.0,4.8
3788,NODE_3789_length_1590_cov_4.173941,1590,6.284615384615385,0.0,0.0,0.0,0.0,0.0,0.0,0.0,0.0,0.0,1.3846153846153846,0.0,4.9
3806,NODE_3807_length_1586_cov_6.474200,1586,10.089068825910932,0.0,0.0,0.0,0.0,0.0,0.0,0.0,0.0,0.0,2.6153846153846154,0.0,7.473684210526316
3819,NODE_3820_length_1583_cov_4.360602,1583,8.171052631578949,0.0,0.0,0.0,0.0,0.0,0.0,0.0,0.0,0.0,2.75,0.0,5.421052631578948
3832,NODE_3833_length_1579_cov_5.363517,1579,12.13655462184874,0.0,0.0,2.75,0.0,0.0,0.0,0.0,0.0,0.0,2.857142857142857,0.0,6.529411764705882
3833,NODE_3834_length_1579_cov_4.889764,1579,8.672727272727274,0.0,0.0,0.0,0.0,0.0,0.0,0.0,0.0,0.0,2.272727272727273,0.0,6.4
3851,NODE_3852_length_1576_cov_3.889546,1576,6.666666666666667,0.0,0.0,0.0,0.0,0.0,0.0,0.0,0.0,1.0,1.6666666666666667,0.0,4.0
3872,NODE_3873_length_1570_cov_5.790099,1570,9.152380952380952,0.0,0.0,0.0,0.0,0.0,0.0,0.0,0.0,1.0,1.2,0.0,6.9523809523809526
3873,NODE_3874_length_1570_cov_5.624422,1570,8.703703703703704,0.0,0.0,0.0,0.0,0.0,0.0,0.0,0.0,0.0,2.2222222222222223,0.0,6.481481481481482
3882,NODE_3883_length_1568_cov_5.859220,1568,7.5,0.0,0.0,0.0,0.0,0.0,0.0,0.0,0.0,1.0,0.0,0.0,6.5
3895,NODE_3896_length_1565_cov_4.877483,1565,10.901185770750988,0.0,0.0,1.0,0.0,0.0,1.0,0.0,0.0,0.0,1.7272727272727273,1.0,6.173913043478261
3939,NODE_3940_length_1554_cov_5.241494,1554,7.543478260869565,0.0,0.0,0.0,0.0,0.0,0.0,0.0,0.0,0.0,1.5,0.0,6.043478260869565
3943,NODE_3944_length_1552_cov_6.102872,1552,9.735294117647058,0.0,0.0,0.0,0.0,0.0,0.0,0.0,0.0,0.0,2.5,0.0,7.235294117647059
3944,NODE_3945_length_1552_cov_6.059452,1552,9.5,0.0,0.0,0.0,0.0,0.0,0.0,0.0,0.0,1.0,1.25,0.0,7.25
3954,NODE_3955_length_1550_cov_5.027425,1550,8.4,0.0,0.0,0.0,0.0,0.0,0.0,0.0,0.0,0.0,1.5,0.0,6.9
3993,NODE_3994_length_1543_cov_4.548387,1543,7.232954545454545,0.0,0.0,0.0,0.0,0.0,0.0,0.0,0.0,0.0,1.5454545454545454,0.0,5.6875
3998,NODE_3999_length_1542_cov_3.711500,1542,5.441295546558704,0.0,0.0,0.0,0.0,0.0,0.0,0.0,0.0,0.0,1.2307692307692308,0.0,4.2105263157894735
4018,NODE_4019_length_1537_cov_6.066802,1537,12.66456582633053,0.0,0.0,1.5714285714285714,0.0,0.0,1.0,0.0,0.0,0.0,1.9166666666666667,0.0,8.176470588235293
4128,NODE_4129_length_1512_cov_6.005491,1512,14.005194805194805,0.0,0.0,2.7142857142857144,0.0,0.0,0.0,0.0,0.0,1.0,2.090909090909091,1.2,7.0
4135,NODE_4136_length_1511_cov_3.650412,1511,4.863636363636363,0.0,0.0,0.0,0.0,0.0,0.0,0.0,0.0,0.0,0.0,0.0,4.863636363636363
4149,NODE_4150_length_1506_cov_5.471399,1506,7.981818181818181,0.0,0.0,0.0,0.0,0.0,0.0,0.0,0.0,0.0,1.8,0.0,6.181818181818182
4155,NODE_4156_length_1505_cov_6.923448,1505,9.54945054945055,0.0,0.0,0.0,0.0,0.0,0.0,0.0,0.0,0.0,1.6923076923076923,0.0,7.857142857142857
